Trafikkregistreringspunkt;Navn;Vegreferanse;Fra;Til;År;Måned;Trafikkmengde;Konfidensintervall start;Konfidensintervall slutt;Dekningsgrad (%);Antall døgn total;Antall døgn inkludert;Antall døgn ugyldig;Ikke gyldig lengde;Lengdekvalitetsgrad (%);Felt;< 5,6m;>= 5,6m;5,6m - 7,6m;7,6m - 12,5m;12,5m - 16,0m;>= 16,0m;16,0m - 24,0m;>= 24,0m
02636V1125920;Sandnessundbrua;FV862 S2D1 m609;2021-01-01T00:00+01:00;2021-02-01T00:00+01:00;2021;1;7364;6803;7925;100;31;31;0;0;100;1;7002;362;92;105;154;10;10;0
02636V1125920;Sandnessundbrua;FV862 S2D1 m609;2021-01-01T00:00+01:00;2021-02-01T00:00+01:00;2021;1;7366;6842;7890;100;31;31;0;0;100;2;7019;347;84;100;153;10;10;0
02636V1125920;Sandnessundbrua;FV862 S2D1 m609;2021-01-01T00:00+01:00;2021-02-01T00:00+01:00;2021;1;7366;6842;7890;100;31;31;0;0;100;Totalt i retning Tromsø;7019;347;84;100;153;10;10;0
02636V1125920;Sandnessundbrua;FV862 S2D1 m609;2021-01-01T00:00+01:00;2021-02-01T00:00+01:00;2021;1;7365;6804;7926;100;31;31;0;1;100;Totalt i retning Kvaløya;7002;362;92;105;154;10;10;0
02636V1125920;Sandnessundbrua;FV862 S2D1 m609;2021-01-01T00:00+01:00;2021-02-01T00:00+01:00;2021;1;14731;13648;15814;100;31;31;0;1;100;Totalt;14020;709;176;205;308;21;21;0
02636V1125920;Sandnessundbrua;FV862 S2D1 m609;2021-02-01T00:00+01:00;2021-03-01T00:00+01:00;2021;2;7802;7212;8392;100;28;28;0;2;100;1;7399;401;98;124;164;14;14;0
02636V1125920;Sandnessundbrua;FV862 S2D1 m609;2021-02-01T00:00+01:00;2021-03-01T00:00+01:00;2021;2;7799;7258;8340;100;28;28;0;0;100;2;7403;395;95;122;164;14;14;0
02636V1125920;Sandnessundbrua;FV862 S2D1 m609;2021-02-01T00:00+01:00;2021-03-01T00:00+01:00;2021;2;7799;7258;8340;100;28;28;0;1;100;Totalt i retning Tromsø;7403;395;95;122;164;14;14;0
02636V1125920;Sandnessundbrua;FV862 S2D1 m609;2021-02-01T00:00+01:00;2021-03-01T00:00+01:00;2021;2;7802;7212;8392;100;28;28;0;2;100;Totalt i retning Kvaløya;7399;401;98;124;164;14;14;0
02636V1125920;Sandnessundbrua;FV862 S2D1 m609;2021-02-01T00:00+01:00;2021-03-01T00:00+01:00;2021;2;15601;14471;16731;100;28;28;0;3;100;Totalt;14802;796;193;246;329;29;29;0
02636V1125920;Sandnessundbrua;FV862 S2D1 m609;2021-03-01T00:00+01:00;2021-04-01T00:00+02:00;2021;3;7754;7212;8296;100;31;31;0;1;100;1;7352;401;97;125;164;15;15;0
02636V1125920;Sandnessundbrua;FV862 S2D1 m609;2021-03-01T00:00+01:00;2021-04-01T00:00+02:00;2021;3;7720;7219;8221;100;31;31;0;0;100;2;7311;409;98;130;165;15;15;0
02636V1125920;Sandnessundbrua;FV862 S2D1 m609;2021-03-01T00:00+01:00;2021-04-01T00:00+02:00;2021;3;7720;7219;8221;100;31;31;0;0;100;Totalt i retning Tromsø;7311;409;98;130;165;15;15;0
02636V1125920;Sandnessundbrua;FV862 S2D1 m609;2021-03-01T00:00+01:00;2021-04-01T00:00+02:00;2021;3;7753;7211;8295;100;31;31;0;0;100;Totalt i retning Kvaløya;7352;401;97;125;164;15;15;0
02636V1125920;Sandnessundbrua;FV862 S2D1 m609;2021-03-01T00:00+01:00;2021-04-01T00:00+02:00;2021;3;15474;14433;16515;100;31;31;0;1;100;Totalt;14663;810;195;255;329;30;30;0
02636V1125920;Sandnessundbrua;FV862 S2D1 m609;2021-04-01T00:00+02:00;2021-05-01T00:00+02:00;2021;4;7994;7275;8713;100;30;30;0;3;100;1;7589;402;103;132;153;15;15;0
02636V1125920;Sandnessundbrua;FV862 S2D1 m609;2021-04-01T00:00+02:00;2021-05-01T00:00+02:00;2021;4;8010;7337;8683;100;30;30;0;1;100;2;7614;395;98;129;153;15;15;0
02636V1125920;Sandnessundbrua;FV862 S2D1 m609;2021-04-01T00:00+02:00;2021-05-01T00:00+02:00;2021;4;8009;7336;8682;100;30;30;0;0;100;Totalt i retning Tromsø;7614;395;98;129;153;15;15;0
02636V1125920;Sandnessundbrua;FV862 S2D1 m609;2021-04-01T00:00+02:00;2021-05-01T00:00+02:00;2021;4;7994;7275;8713;100;30;30;0;3;100;Totalt i retning Kvaløya;7589;402;103;132;153;15;15;0
02636V1125920;Sandnessundbrua;FV862 S2D1 m609;2021-04-01T00:00+02:00;2021-05-01T00:00+02:00;2021;4;16003;14614;17392;100;30;30;0;3;100;Totalt;15203;797;200;261;306;30;30;0
02636V1125920;Sandnessundbrua;FV862 S2D1 m609;2021-05-01T00:00+02:00;2021-06-01T00:00+02:00;2021;5;8693;7982;9404;100;31;31;0;4;100;1;8202;487;133;189;150;15;15;0
02636V1125920;Sandnessundbrua;FV862 S2D1 m609;2021-05-01T00:00+02:00;2021-06-01T00:00+02:00;2021;5;8697;8040;9354;100;31;31;0;1;100;2;8223;473;126;182;150;15;15;0
02636V1125920;Sandnessundbrua;FV862 S2D1 m609;2021-05-01T00:00+02:00;2021-06-01T00:00+02:00;2021;5;8696;8039;9353;100;31;31;0;0;100;Totalt i retning Tromsø;8223;472;126;182;150;15;15;0
02636V1125920;Sandnessundbrua;FV862 S2D1 m609;2021-05-01T00:00+02:00;2021-06-01T00:00+02:00;2021;5;8693;7982;9404;100;31;31;0;4;100;Totalt i retning Kvaløya;8202;487;133;189;150;15;15;0
02636V1125920;Sandnessundbrua;FV862 S2D1 m609;2021-05-01T00:00+02:00;2021-06-01T00:00+02:00;2021;5;17389;16027;18751;100;31;31;0;4;100;Totalt;16425;960;259;371;300;30;30;0
02636V1125920;Sandnessundbrua;FV862 S2D1 m609;2021-06-01T00:00+02:00;2021-07-01T00:00+02:00;2021;6;9511;8913;10109;100;30;30;0;2;100;1;8895;615;177;261;161;16;16;0
02636V1125920;Sandnessundbrua;FV862 S2D1 m609;2021-06-01T00:00+02:00;2021-07-01T00:00+02:00;2021;6;9479;8939;10019;100;30;30;0;3;100;2;8880;596;164;254;162;15;15;0
02636V1125920;Sandnessundbrua;FV862 S2D1 m609;2021-06-01T00:00+02:00;2021-07-01T00:00+02:00;2021;6;9487;8945;10029;100;30;30;0;3;100;Totalt i retning Tromsø;8888;596;164;255;162;15;15;0
02636V1125920;Sandnessundbrua;FV862 S2D1 m609;2021-06-01T00:00+02:00;2021-07-01T00:00+02:00;2021;6;9503;8907;10099;100;30;30;0;2;100;Totalt i retning Kvaløya;8887;614;177;260;161;16;16;0
02636V1125920;Sandnessundbrua;FV862 S2D1 m609;2021-06-01T00:00+02:00;2021-07-01T00:00+02:00;2021;6;18990;17858;20122;100;30;30;0;5;100;Totalt;17775;1210;341;515;323;31;31;0
02636V1125920;Sandnessundbrua;FV862 S2D1 m609;2021-07-01T00:00+02:00;2021-08-01T00:00+02:00;2021;7;7688;7210;8166;100;31;31;0;2;100;1;7190;496;152;206;127;11;11;0
02636V1125920;Sandnessundbrua;FV862 S2D1 m609;2021-07-01T00:00+02:00;2021-08-01T00:00+02:00;2021;7;7612;7162;8062;100;31;31;0;1;100;2;7137;474;134;201;129;10;10;0
02636V1125920;Sandnessundbrua;FV862 S2D1 m609;2021-07-01T00:00+02:00;2021-08-01T00:00+02:00;2021;7;7612;7162;8062;100;31;31;0;1;100;Totalt i retning Tromsø;7137;474;134;201;129;10;10;0
02636V1125920;Sandnessundbrua;FV862 S2D1 m609;2021-07-01T00:00+02:00;2021-08-01T00:00+02:00;2021;7;7688;7210;8166;100;31;31;0;2;100;Totalt i retning Kvaløya;7190;496;152;206;127;11;11;0
02636V1125920;Sandnessundbrua;FV862 S2D1 m609;2021-07-01T00:00+02:00;2021-08-01T00:00+02:00;2021;7;15300;14378;16222;100;31;31;0;3;100;Totalt;14327;971;286;407;257;21;21;0
02636V1125920;Sandnessundbrua;FV862 S2D1 m609;2021-08-01T00:00+02:00;2021-09-01T00:00+02:00;2021;8;8722;8164;9280;100;31;31;0;2;100;1;8168;552;171;220;146;15;15;0
02636V1125920;Sandnessundbrua;FV862 S2D1 m609;2021-08-01T00:00+02:00;2021-09-01T00:00+02:00;2021;8;8720;8210;9230;100;31;31;0;1;100;2;8189;530;155;214;148;13;13;0
02636V1125920;Sandnessundbrua;FV862 S2D1 m609;2021-08-01T00:00+02:00;2021-09-01T00:00+02:00;2021;8;8720;8210;9230;100;31;31;0;1;100;Totalt i retning Tromsø;8189;530;155;214;148;13;13;0
02636V1125920;Sandnessundbrua;FV862 S2D1 m609;2021-08-01T00:00+02:00;2021-09-01T00:00+02:00;2021;8;8722;8164;9280;100;31;31;0;2;100;Totalt i retning Kvaløya;8168;552;171;220;146;15;15;0
02636V1125920;Sandnessundbrua;FV862 S2D1 m609;2021-08-01T00:00+02:00;2021-09-01T00:00+02:00;2021;8;17443;16382;18504;100;31;31;0;4;100;Totalt;16357;1082;326;435;294;27;27;0
02636V1125920;Sandnessundbrua;FV862 S2D1 m609;2021-09-01T00:00+02:00;2021-10-01T00:00+02:00;2021;9;9174;8654;9694;100;30;30;0;4;100;1;8561;609;173;230;186;20;20;0
02636V1125920;Sandnessundbrua;FV862 S2D1 m609;2021-09-01T00:00+02:00;2021-10-01T00:00+02:00;2021;9;9183;8704;9662;100;30;30;0;2;100;2;8585;595;162;227;187;19;19;0
02636V1125920;Sandnessundbrua;FV862 S2D1 m609;2021-09-01T00:00+02:00;2021-10-01T00:00+02:00;2021;9;9171;8699;9643;100;30;30;0;2;100;Totalt i retning Tromsø;8574;595;162;227;188;19;19;0
02636V1125920;Sandnessundbrua;FV862 S2D1 m609;2021-09-01T00:00+02:00;2021-10-01T00:00+02:00;2021;9;9186;8662;9710;100;30;30;0;4;100;Totalt i retning Kvaløya;8573;609;173;231;186;20;20;0
02636V1125920;Sandnessundbrua;FV862 S2D1 m609;2021-09-01T00:00+02:00;2021-10-01T00:00+02:00;2021;9;18357;17365;19349;100;30;30;0;6;100;Totalt;17146;1205;335;457;374;39;39;0
02636V1125920;Sandnessundbrua;FV862 S2D1 m609;2021-10-01T00:00+02:00;2021-11-01T00:00+01:00;2021;10;8563;8052;9074;100;31;31;0;1;100;1;8046;516;137;197;166;15;15;0
02636V1125920;Sandnessundbrua;FV862 S2D1 m609;2021-10-01T00:00+02:00;2021-11-01T00:00+01:00;2021;10;8559;8097;9021;100;31;31;0;1;100;2;8047;511;132;197;167;15;15;0
02636V1125920;Sandnessundbrua;FV862 S2D1 m609;2021-10-01T00:00+02:00;2021-11-01T00:00+01:00;2021;10;8560;8098;9022;100;31;31;0;1;100;Totalt i retning Tromsø;8047;511;132;197;167;15;15;0
02636V1125920;Sandnessundbrua;FV862 S2D1 m609;2021-10-01T00:00+02:00;2021-11-01T00:00+01:00;2021;10;8563;8052;9074;100;31;31;0;1;100;Totalt i retning Kvaløya;8046;516;137;197;166;15;15;0
02636V1125920;Sandnessundbrua;FV862 S2D1 m609;2021-10-01T00:00+02:00;2021-11-01T00:00+01:00;2021;10;17123;16153;18093;100;31;31;0;3;100;Totalt;16093;1027;269;393;333;31;31;0
02636V1125920;Sandnessundbrua;FV862 S2D1 m609;2021-11-01T00:00+01:00;2021-12-01T00:00+01:00;2021;11;8207;7702;8712;100;30;30;0;1;100;1;7753;453;123;149;168;13;13;0
02636V1125920;Sandnessundbrua;FV862 S2D1 m609;2021-11-01T00:00+01:00;2021-12-01T00:00+01:00;2021;11;8206;7734;8678;100;30;30;0;1;100;2;7760;445;119;146;168;12;12;0
02636V1125920;Sandnessundbrua;FV862 S2D1 m609;2021-11-01T00:00+01:00;2021-12-01T00:00+01:00;2021;11;8206;7734;8678;100;30;30;0;1;100;Totalt i retning Tromsø;7760;445;119;146;168;12;12;0
02636V1125920;Sandnessundbrua;FV862 S2D1 m609;2021-11-01T00:00+01:00;2021-12-01T00:00+01:00;2021;11;8207;7702;8712;100;30;30;0;1;100;Totalt i retning Kvaløya;7753;453;123;149;168;13;13;0
02636V1125920;Sandnessundbrua;FV862 S2D1 m609;2021-11-01T00:00+01:00;2021-12-01T00:00+01:00;2021;11;16413;15437;17389;100;30;30;0;1;100;Totalt;15514;898;242;295;336;25;25;0
02636V1125920;Sandnessundbrua;FV862 S2D1 m609;2021-12-01T00:00+01:00;2022-01-01T00:00+01:00;2021;12;7870;7202;8538;100;31;31;0;2;100;1;7485;383;102;107;162;11;11;0
02636V1125920;Sandnessundbrua;FV862 S2D1 m609;2021-12-01T00:00+01:00;2022-01-01T00:00+01:00;2021;12;7858;7209;8507;100;31;31;0;0;100;2;7478;380;100;106;163;11;11;0
02636V1125920;Sandnessundbrua;FV862 S2D1 m609;2021-12-01T00:00+01:00;2022-01-01T00:00+01:00;2021;12;7858;7209;8507;100;31;31;0;0;100;Totalt i retning Tromsø;7478;380;100;106;163;11;11;0
02636V1125920;Sandnessundbrua;FV862 S2D1 m609;2021-12-01T00:00+01:00;2022-01-01T00:00+01:00;2021;12;7870;7201;8539;100;31;31;0;2;100;Totalt i retning Kvaløya;7485;383;102;107;162;11;11;0
02636V1125920;Sandnessundbrua;FV862 S2D1 m609;2021-12-01T00:00+01:00;2022-01-01T00:00+01:00;2021;12;15728;14412;17044;100;31;31;0;2;100;Totalt;14963;763;202;214;325;22;22;0
02636V1125920;Sandnessundbrua;FV862 S2D1 m609;2022-01-01T00:00+01:00;2022-02-01T00:00+01:00;2022;1;7069;6522;7616;100;31;31;0;1;100;1;6693;375;98;101;168;8;8;0
02636V1125920;Sandnessundbrua;FV862 S2D1 m609;2022-01-01T00:00+01:00;2022-02-01T00:00+01:00;2022;1;7073;6553;7593;100;31;31;0;1;100;2;6690;382;99;106;169;8;8;0
02636V1125920;Sandnessundbrua;FV862 S2D1 m609;2022-01-01T00:00+01:00;2022-02-01T00:00+01:00;2022;1;7072;6552;7592;100;31;31;0;0;100;Totalt i retning Tromsø;6689;382;99;106;169;8;8;0
02636V1125920;Sandnessundbrua;FV862 S2D1 m609;2022-01-01T00:00+01:00;2022-02-01T00:00+01:00;2022;1;7070;6523;7617;100;31;31;0;1;100;Totalt i retning Kvaløya;6694;375;98;101;168;8;8;0
02636V1125920;Sandnessundbrua;FV862 S2D1 m609;2022-01-01T00:00+01:00;2022-02-01T00:00+01:00;2022;1;14142;13076;15208;100;31;31;0;2;100;Totalt;13383;757;197;207;337;16;16;0
02636V1125920;Sandnessundbrua;FV862 S2D1 m609;2022-02-01T00:00+01:00;2022-03-01T00:00+01:00;2022;2;7857;7350;8364;100;28;28;0;1;100;1;7456;401;102;106;178;14;14;0
02636V1125920;Sandnessundbrua;FV862 S2D1 m609;2022-02-01T00:00+01:00;2022-03-01T00:00+01:00;2022;2;7853;7368;8338;100;28;28;0;5;99,9;2;7427;421;108;118;180;15;15;0
02636V1125920;Sandnessundbrua;FV862 S2D1 m609;2022-02-01T00:00+01:00;2022-03-01T00:00+01:00;2022;2;7853;7368;8338;100;28;28;0;5;99,9;Totalt i retning Tromsø;7427;421;108;117;180;15;15;0
02636V1125920;Sandnessundbrua;FV862 S2D1 m609;2022-02-01T00:00+01:00;2022-03-01T00:00+01:00;2022;2;7857;7350;8364;100;28;28;0;1;100;Totalt i retning Kvaløya;7455;401;102;106;178;14;14;0
02636V1125920;Sandnessundbrua;FV862 S2D1 m609;2022-02-01T00:00+01:00;2022-03-01T00:00+01:00;2022;2;15710;14720;16700;100;28;28;0;6;100;Totalt;14883;822;211;223;358;29;29;0
02636V1125920;Sandnessundbrua;FV862 S2D1 m609;2022-03-01T00:00+01:00;2022-04-01T00:00+02:00;2022;3;8112;7732;8492;100;31;31;0;3;100;1;7681;429;111;117;183;18;18;0
02636V1125920;Sandnessundbrua;FV862 S2D1 m609;2022-03-01T00:00+01:00;2022-04-01T00:00+02:00;2022;3;8113;7741;8485;100;31;31;0;1;100;2;7682;430;109;119;184;18;18;0
02636V1125920;Sandnessundbrua;FV862 S2D1 m609;2022-03-01T00:00+01:00;2022-04-01T00:00+02:00;2022;3;8113;7741;8485;100;31;31;0;0;100;Totalt i retning Tromsø;7682;430;109;119;184;18;18;0
02636V1125920;Sandnessundbrua;FV862 S2D1 m609;2022-03-01T00:00+01:00;2022-04-01T00:00+02:00;2022;3;8112;7732;8492;100;31;31;0;3;100;Totalt i retning Kvaløya;7681;429;111;117;183;18;18;0
02636V1125920;Sandnessundbrua;FV862 S2D1 m609;2022-03-01T00:00+01:00;2022-04-01T00:00+02:00;2022;3;16225;15474;16976;100;31;31;0;3;100;Totalt;15363;859;220;236;367;36;36;0
02636V1125920;Sandnessundbrua;FV862 S2D1 m609;2022-04-01T00:00+02:00;2022-05-01T00:00+02:00;2022;4;7724;7076;8372;100;30;30;0;1;100;1;7342;381;96;110;160;14;14;0
02636V1125920;Sandnessundbrua;FV862 S2D1 m609;2022-04-01T00:00+02:00;2022-05-01T00:00+02:00;2022;4;7715;7087;8343;100;30;30;0;1;100;2;7331;383;94;113;160;15;15;0
02636V1125920;Sandnessundbrua;FV862 S2D1 m609;2022-04-01T00:00+02:00;2022-05-01T00:00+02:00;2022;4;7715;7087;8343;100;30;30;0;1;100;Totalt i retning Tromsø;7331;383;94;113;160;15;15;0
02636V1125920;Sandnessundbrua;FV862 S2D1 m609;2022-04-01T00:00+02:00;2022-05-01T00:00+02:00;2022;4;7724;7076;8372;100;30;30;0;1;100;Totalt i retning Kvaløya;7342;381;96;110;160;14;14;0
02636V1125920;Sandnessundbrua;FV862 S2D1 m609;2022-04-01T00:00+02:00;2022-05-01T00:00+02:00;2022;4;15439;14165;16713;100;30;30;0;1;100;Totalt;14674;764;191;224;320;29;29;0
02636V1125920;Sandnessundbrua;FV862 S2D1 m609;2022-05-01T00:00+02:00;2022-06-01T00:00+02:00;2022;5;8516;7880;9152;100;31;31;0;1;100;1;8031;483;134;163;171;16;16;0
02636V1125920;Sandnessundbrua;FV862 S2D1 m609;2022-05-01T00:00+02:00;2022-06-01T00:00+02:00;2022;5;8503;7918;9088;100;31;31;0;1;100;2;8024;478;127;164;171;16;16;0
02636V1125920;Sandnessundbrua;FV862 S2D1 m609;2022-05-01T00:00+02:00;2022-06-01T00:00+02:00;2022;5;8503;7918;9088;100;31;31;0;1;100;Totalt i retning Tromsø;8024;478;127;164;171;16;16;0
02636V1125920;Sandnessundbrua;FV862 S2D1 m609;2022-05-01T00:00+02:00;2022-06-01T00:00+02:00;2022;5;8516;7880;9152;100;31;31;0;1;100;Totalt i retning Kvaløya;8031;483;134;163;171;16;16;0
02636V1125920;Sandnessundbrua;FV862 S2D1 m609;2022-05-01T00:00+02:00;2022-06-01T00:00+02:00;2022;5;17019;15800;18238;100;31;31;0;2;100;Totalt;16055;961;261;327;342;32;32;0
02636V1125920;Sandnessundbrua;FV862 S2D1 m609;2022-06-01T00:00+02:00;2022-07-01T00:00+02:00;2022;6;9047;8482;9612;100;30;30;0;4;100;1;8442;601;183;220;181;17;17;0
02636V1125920;Sandnessundbrua;FV862 S2D1 m609;2022-06-01T00:00+02:00;2022-07-01T00:00+02:00;2022;6;9003;8491;9515;100;30;30;0;1;100;2;8401;600;170;231;183;17;17;0
02636V1125920;Sandnessundbrua;FV862 S2D1 m609;2022-06-01T00:00+02:00;2022-07-01T00:00+02:00;2022;6;9003;8491;9515;100;30;30;0;1;100;Totalt i retning Tromsø;8401;600;170;231;183;17;17;0
02636V1125920;Sandnessundbrua;FV862 S2D1 m609;2022-06-01T00:00+02:00;2022-07-01T00:00+02:00;2022;6;9047;8482;9612;100;30;30;0;4;100;Totalt i retning Kvaløya;8442;601;183;220;181;17;17;0
02636V1125920;Sandnessundbrua;FV862 S2D1 m609;2022-06-01T00:00+02:00;2022-07-01T00:00+02:00;2022;6;18050;16977;19123;100;30;30;0;5;100;Totalt;16843;1202;353;451;363;34;34;0
02636V1125920;Sandnessundbrua;FV862 S2D1 m609;2022-07-01T00:00+02:00;2022-08-01T00:00+02:00;2022;7;6988;6582;7394;100;31;31;0;1;100;1;6498;489;161;184;132;11;11;0
02636V1125920;Sandnessundbrua;FV862 S2D1 m609;2022-07-01T00:00+02:00;2022-08-01T00:00+02:00;2022;7;6919;6557;7281;100;31;31;0;1;100;2;6450;468;139;186;132;11;11;0
02636V1125920;Sandnessundbrua;FV862 S2D1 m609;2022-07-01T00:00+02:00;2022-08-01T00:00+02:00;2022;7;6919;6557;7281;100;31;31;0;1;100;Totalt i retning Tromsø;6450;468;139;186;132;11;11;0
02636V1125920;Sandnessundbrua;FV862 S2D1 m609;2022-07-01T00:00+02:00;2022-08-01T00:00+02:00;2022;7;6988;6582;7394;100;31;31;0;1;100;Totalt i retning Kvaløya;6498;489;161;184;132;11;11;0
02636V1125920;Sandnessundbrua;FV862 S2D1 m609;2022-07-01T00:00+02:00;2022-08-01T00:00+02:00;2022;7;13907;13146;14668;100;31;31;0;2;100;Totalt;12948;957;300;370;264;22;22;0
02636V1125920;Sandnessundbrua;FV862 S2D1 m609;2022-08-01T00:00+02:00;2022-09-01T00:00+02:00;2022;8;8409;7906;8912;100;31;31;0;2;100;1;7860;547;162;213;157;16;16;0
02636V1125920;Sandnessundbrua;FV862 S2D1 m609;2022-08-01T00:00+02:00;2022-09-01T00:00+02:00;2022;8;8387;7925;8849;100;31;31;0;1;100;2;7854;531;147;212;156;16;16;0
02636V1125920;Sandnessundbrua;FV862 S2D1 m609;2022-08-01T00:00+02:00;2022-09-01T00:00+02:00;2022;8;8387;7925;8849;100;31;31;0;1;100;Totalt i retning Tromsø;7854;531;147;212;156;16;16;0
02636V1125920;Sandnessundbrua;FV862 S2D1 m609;2022-08-01T00:00+02:00;2022-09-01T00:00+02:00;2022;8;8409;7906;8912;100;31;31;0;2;100;Totalt i retning Kvaløya;7860;547;163;213;157;16;16;0
02636V1125920;Sandnessundbrua;FV862 S2D1 m609;2022-08-01T00:00+02:00;2022-09-01T00:00+02:00;2022;8;16797;15835;17759;100;31;31;0;4;100;Totalt;15714;1078;309;425;313;31;31;0
02636V1125920;Sandnessundbrua;FV862 S2D1 m609;2022-09-01T00:00+02:00;2022-10-01T00:00+02:00;2022;9;8820;8345;9295;100;30;30;0;3;100;1;8229;588;155;227;190;16;16;0
02636V1125920;Sandnessundbrua;FV862 S2D1 m609;2022-09-01T00:00+02:00;2022-10-01T00:00+02:00;2022;9;8795;8362;9228;100;30;30;0;0;100;2;8212;583;149;227;192;16;16;0
02636V1125920;Sandnessundbrua;FV862 S2D1 m609;2022-09-01T00:00+02:00;2022-10-01T00:00+02:00;2022;9;8795;8362;9228;100;30;30;0;1;100;Totalt i retning Tromsø;8211;583;149;227;192;16;16;0
02636V1125920;Sandnessundbrua;FV862 S2D1 m609;2022-09-01T00:00+02:00;2022-10-01T00:00+02:00;2022;9;8821;8346;9296;100;30;30;0;4;100;Totalt i retning Kvaløya;8230;588;155;227;190;16;16;0
02636V1125920;Sandnessundbrua;FV862 S2D1 m609;2022-09-01T00:00+02:00;2022-10-01T00:00+02:00;2022;9;17616;16711;18521;100;30;30;0;4;100;Totalt;16441;1171;304;454;382;31;31;0
02636V1125920;Sandnessundbrua;FV862 S2D1 m609;2022-10-01T00:00+02:00;2022-11-01T00:00+01:00;2022;10;8181;7680;8682;96,8;31;30;1;1;100;1;7678;502;132;177;179;14;14;0
02636V1125920;Sandnessundbrua;FV862 S2D1 m609;2022-10-01T00:00+02:00;2022-11-01T00:00+01:00;2022;10;8197;7736;8658;96,8;31;30;1;1;100;2;7697;499;126;178;180;14;14;0
02636V1125920;Sandnessundbrua;FV862 S2D1 m609;2022-10-01T00:00+02:00;2022-11-01T00:00+01:00;2022;10;8197;7736;8658;96,8;31;30;1;1;100;Totalt i retning Tromsø;7697;499;126;178;180;14;14;0
02636V1125920;Sandnessundbrua;FV862 S2D1 m609;2022-10-01T00:00+02:00;2022-11-01T00:00+01:00;2022;10;8181;7680;8682;96,8;31;30;1;1;100;Totalt i retning Kvaløya;7678;502;132;177;179;14;14;0
02636V1125920;Sandnessundbrua;FV862 S2D1 m609;2022-10-01T00:00+02:00;2022-11-01T00:00+01:00;2022;10;16378;15417;17339;96,8;31;30;1;2;100;Totalt;15375;1001;258;355;359;28;28;0
02636V1125920;Sandnessundbrua;FV862 S2D1 m609;2022-11-01T00:00+01:00;2022-12-01T00:00+01:00;2022;11;8180;7717;8643;100;30;30;0;1;100;1;7718;461;124;142;182;14;14;0
02636V1125920;Sandnessundbrua;FV862 S2D1 m609;2022-11-01T00:00+01:00;2022-12-01T00:00+01:00;2022;11;8175;7744;8606;100;30;30;0;0;100;2;7717;458;121;142;182;14;14;0
02636V1125920;Sandnessundbrua;FV862 S2D1 m609;2022-11-01T00:00+01:00;2022-12-01T00:00+01:00;2022;11;8175;7744;8606;100;30;30;0;0;100;Totalt i retning Tromsø;7717;458;121;142;182;14;14;0
02636V1125920;Sandnessundbrua;FV862 S2D1 m609;2022-11-01T00:00+01:00;2022-12-01T00:00+01:00;2022;11;8180;7717;8643;100;30;30;0;1;100;Totalt i retning Kvaløya;7718;461;124;142;182;14;14;0
02636V1125920;Sandnessundbrua;FV862 S2D1 m609;2022-11-01T00:00+01:00;2022-12-01T00:00+01:00;2022;11;16355;15462;17248;100;30;30;0;1;100;Totalt;15435;920;244;284;363;28;28;0
02636V1125920;Sandnessundbrua;FV862 S2D1 m609;2022-12-01T00:00+01:00;2023-01-01T00:00+01:00;2022;12;7666;7043;8289;100;31;31;0;1;100;1;7291;374;102;104;159;9;9;0
02636V1125920;Sandnessundbrua;FV862 S2D1 m609;2022-12-01T00:00+01:00;2023-01-01T00:00+01:00;2022;12;7661;7061;8261;100;31;31;0;1;100;2;7287;373;101;103;159;9;9;0
02636V1125920;Sandnessundbrua;FV862 S2D1 m609;2022-12-01T00:00+01:00;2023-01-01T00:00+01:00;2022;12;7660;7060;8260;100;31;31;0;0;100;Totalt i retning Tromsø;7287;373;101;103;159;9;9;0
02636V1125920;Sandnessundbrua;FV862 S2D1 m609;2022-12-01T00:00+01:00;2023-01-01T00:00+01:00;2022;12;7666;7043;8289;100;31;31;0;1;100;Totalt i retning Kvaløya;7291;374;102;105;159;9;9;0
02636V1125920;Sandnessundbrua;FV862 S2D1 m609;2022-12-01T00:00+01:00;2023-01-01T00:00+01:00;2022;12;15327;14105;16549;100;31;31;0;2;100;Totalt;14578;747;203;208;319;18;18;0
02636V1125920;Sandnessundbrua;FV862 S2D1 m609;2023-01-01T00:00+01:00;2023-02-01T00:00+01:00;2023;1;6821;6393;7249;100;31;31;0;2;100;1;6429;391;104;102;174;11;11;0
02636V1125920;Sandnessundbrua;FV862 S2D1 m609;2023-01-01T00:00+01:00;2023-02-01T00:00+01:00;2023;1;6820;6408;7232;100;31;31;0;0;100;2;6423;396;106;106;174;11;11;0
02636V1125920;Sandnessundbrua;FV862 S2D1 m609;2023-01-01T00:00+01:00;2023-02-01T00:00+01:00;2023;1;6819;6407;7231;100;31;31;0;0;100;Totalt i retning Tromsø;6422;396;106;106;174;11;11;0
02636V1125920;Sandnessundbrua;FV862 S2D1 m609;2023-01-01T00:00+01:00;2023-02-01T00:00+01:00;2023;1;6822;6394;7250;100;31;31;0;2;100;Totalt i retning Kvaløya;6430;391;104;102;174;11;11;0
02636V1125920;Sandnessundbrua;FV862 S2D1 m609;2023-01-01T00:00+01:00;2023-02-01T00:00+01:00;2023;1;13641;12801;14481;100;31;31;0;2;100;Totalt;12852;787;210;208;347;21;21;0
02636V1125920;Sandnessundbrua;FV862 S2D1 m609;2023-02-01T00:00+01:00;2023-03-01T00:00+01:00;2023;2;7076;6571;7581;100;28;28;0;1;100;1;6668;407;112;107;176;12;12;0
02636V1125920;Sandnessundbrua;FV862 S2D1 m609;2023-02-01T00:00+01:00;2023-03-01T00:00+01:00;2023;2;7073;6606;7540;100;28;28;0;0;100;2;6662;411;112;110;176;13;13;0
02636V1125920;Sandnessundbrua;FV862 S2D1 m609;2023-02-01T00:00+01:00;2023-03-01T00:00+01:00;2023;2;7074;6607;7541;100;28;28;0;1;100;Totalt i retning Tromsø;6662;411;112;110;176;13;13;0
02636V1125920;Sandnessundbrua;FV862 S2D1 m609;2023-02-01T00:00+01:00;2023-03-01T00:00+01:00;2023;2;7075;6570;7580;100;28;28;0;1;100;Totalt i retning Kvaløya;6668;407;111;107;176;12;12;0
02636V1125920;Sandnessundbrua;FV862 S2D1 m609;2023-02-01T00:00+01:00;2023-03-01T00:00+01:00;2023;2;14149;13177;15121;100;28;28;0;2;100;Totalt;13330;817;224;217;352;25;25;0
02636V1125920;Sandnessundbrua;FV862 S2D1 m609;2023-03-01T00:00+01:00;2023-04-01T00:00+02:00;2023;3;7330;6926;7734;100;31;31;0;1;100;1;6906;423;111;116;184;12;12;0
02636V1125920;Sandnessundbrua;FV862 S2D1 m609;2023-03-01T00:00+01:00;2023-04-01T00:00+02:00;2023;3;7321;6937;7705;100;31;31;0;1;100;2;6885;435;115;123;184;13;13;0
02636V1125920;Sandnessundbrua;FV862 S2D1 m609;2023-03-01T00:00+01:00;2023-04-01T00:00+02:00;2023;3;7321;6937;7705;100;31;31;0;1;100;Totalt i retning Tromsø;6886;435;115;123;184;13;13;0
02636V1125920;Sandnessundbrua;FV862 S2D1 m609;2023-03-01T00:00+01:00;2023-04-01T00:00+02:00;2023;3;7329;6925;7733;100;31;31;0;0;100;Totalt i retning Kvaløya;6905;423;111;116;184;12;12;0
02636V1125920;Sandnessundbrua;FV862 S2D1 m609;2023-03-01T00:00+01:00;2023-04-01T00:00+02:00;2023;3;14651;13865;15437;100;31;31;0;2;100;Totalt;13791;858;225;239;367;26;26;0
02636V1125920;Sandnessundbrua;FV862 S2D1 m609;2023-04-01T00:00+02:00;2023-05-01T00:00+02:00;2023;4;6932;6271;7593;86,7;30;26;1;1;100;1;6570;361;90;103;159;10;10;0
02636V1125920;Sandnessundbrua;FV862 S2D1 m609;2023-04-01T00:00+02:00;2023-05-01T00:00+02:00;2023;4;6946;6303;7589;86,7;30;26;1;0;100;2;6582;364;88;105;159;11;11;0
02636V1125920;Sandnessundbrua;FV862 S2D1 m609;2023-04-01T00:00+02:00;2023-05-01T00:00+02:00;2023;4;6946;6303;7589;86,7;30;26;1;0;100;Totalt i retning Tromsø;6582;364;88;105;159;11;11;0
02636V1125920;Sandnessundbrua;FV862 S2D1 m609;2023-04-01T00:00+02:00;2023-05-01T00:00+02:00;2023;4;6932;6271;7593;86,7;30;26;1;1;100;Totalt i retning Kvaløya;6570;361;90;103;159;10;10;0
02636V1125920;Sandnessundbrua;FV862 S2D1 m609;2023-04-01T00:00+02:00;2023-05-01T00:00+02:00;2023;4;13878;12577;15179;86,7;30;26;1;2;100;Totalt;13151;725;178;208;318;21;21;0
31157V2782679;Tromsøysundtunnelen T2;EV8 S2D1 m5455;2021-01-01T00:00+01:00;2021-02-01T00:00+01:00;2021;1;4430;3937;4923;100;31;31;0;0;100;1;3958;472;232;122;62;55;51;4
31157V2782679;Tromsøysundtunnelen T2;EV8 S2D1 m5455;2021-01-01T00:00+01:00;2021-02-01T00:00+01:00;2021;1;614;499;729;100;31;31;0;1;99,8;3;583;30;25;3;1;0;0;0
31157V2782679;Tromsøysundtunnelen T2;EV8 S2D1 m5455;2021-01-01T00:00+01:00;2021-02-01T00:00+01:00;2021;1;0;0;0;100;31;31;0;0;-;Totalt i retning Tomasjord;0;0;0;0;0;0;0;0
31157V2782679;Tromsøysundtunnelen T2;EV8 S2D1 m5455;2021-01-01T00:00+01:00;2021-02-01T00:00+01:00;2021;1;5044;4439;5649;100;31;31;0;0;100;Totalt i retning Tromsøya;4541;502;258;125;64;55;51;4
31157V2782679;Tromsøysundtunnelen T2;EV8 S2D1 m5455;2021-01-01T00:00+01:00;2021-02-01T00:00+01:00;2021;1;5044;4439;5649;100;31;31;0;0;100;Totalt;4541;502;258;125;64;55;51;4
31157V2782679;Tromsøysundtunnelen T2;EV8 S2D1 m5455;2021-02-01T00:00+01:00;2021-03-01T00:00+01:00;2021;2;4735;4257;5213;100;28;28;0;0;100;1;4209;526;257;138;68;64;59;5
31157V2782679;Tromsøysundtunnelen T2;EV8 S2D1 m5455;2021-02-01T00:00+01:00;2021-03-01T00:00+01:00;2021;2;679;572;786;100;28;28;0;1;99,9;3;647;31;26;3;1;1;1;0
31157V2782679;Tromsøysundtunnelen T2;EV8 S2D1 m5455;2021-02-01T00:00+01:00;2021-03-01T00:00+01:00;2021;2;0;0;0;96,4;28;27;1;0;-;Totalt i retning Tomasjord;0;0;0;0;0;0;0;0
31157V2782679;Tromsøysundtunnelen T2;EV8 S2D1 m5455;2021-02-01T00:00+01:00;2021-03-01T00:00+01:00;2021;2;5414;4831;5997;100;28;28;0;1;100;Totalt i retning Tromsøya;4856;558;284;141;69;64;59;5
31157V2782679;Tromsøysundtunnelen T2;EV8 S2D1 m5455;2021-02-01T00:00+01:00;2021-03-01T00:00+01:00;2021;2;5414;4831;5997;100;28;28;0;0;100;Totalt;4856;558;284;141;69;64;59;5
31157V2782679;Tromsøysundtunnelen T2;EV8 S2D1 m5455;2021-03-01T00:00+01:00;2021-04-01T00:00+02:00;2021;3;4687;4247;5127;100;31;31;0;0;100;1;4157;530;252;142;71;65;61;4
31157V2782679;Tromsøysundtunnelen T2;EV8 S2D1 m5455;2021-03-01T00:00+01:00;2021-04-01T00:00+02:00;2021;3;617;519;715;100;31;31;0;0;100;3;590;27;23;3;1;0;0;0
31157V2782679;Tromsøysundtunnelen T2;EV8 S2D1 m5455;2021-03-01T00:00+01:00;2021-04-01T00:00+02:00;2021;3;1;0;2;100;31;31;0;0;100;Totalt i retning Tomasjord;0;0;0;0;0;0;0;0
31157V2782679;Tromsøysundtunnelen T2;EV8 S2D1 m5455;2021-03-01T00:00+01:00;2021-04-01T00:00+02:00;2021;3;5304;4768;5840;100;31;31;0;1;100;Totalt i retning Tromsøya;4747;556;274;145;72;65;61;4
31157V2782679;Tromsøysundtunnelen T2;EV8 S2D1 m5455;2021-03-01T00:00+01:00;2021-04-01T00:00+02:00;2021;3;5305;4768;5842;100;31;31;0;1;100;Totalt;4747;556;274;145;72;65;61;4
31157V2782679;Tromsøysundtunnelen T2;EV8 S2D1 m5455;2021-04-01T00:00+02:00;2021-05-01T00:00+02:00;2021;4;4600;4021;5179;100;30;30;0;1;100;1;4097;502;233;145;66;59;55;4
31157V2782679;Tromsøysundtunnelen T2;EV8 S2D1 m5455;2021-04-01T00:00+02:00;2021-05-01T00:00+02:00;2021;4;600;482;718;100;30;30;0;0;100;3;573;28;24;3;1;0;0;0
31157V2782679;Tromsøysundtunnelen T2;EV8 S2D1 m5455;2021-04-01T00:00+02:00;2021-05-01T00:00+02:00;2021;4;0;0;0;100;30;30;0;0;-;Totalt i retning Tomasjord;0;0;0;0;0;0;0;0
31157V2782679;Tromsøysundtunnelen T2;EV8 S2D1 m5455;2021-04-01T00:00+02:00;2021-05-01T00:00+02:00;2021;4;5200;4505;5895;100;30;30;0;0;100;Totalt i retning Tromsøya;4670;529;256;148;66;59;55;4
31157V2782679;Tromsøysundtunnelen T2;EV8 S2D1 m5455;2021-04-01T00:00+02:00;2021-05-01T00:00+02:00;2021;4;5200;4505;5895;100;30;30;0;0;100;Totalt;4670;530;256;148;66;59;55;4
31157V2782679;Tromsøysundtunnelen T2;EV8 S2D1 m5455;2021-05-01T00:00+02:00;2021-06-01T00:00+02:00;2021;5;4628;4057;5199;100;31;31;0;1;100;1;4089;539;238;180;60;60;55;5
31157V2782679;Tromsøysundtunnelen T2;EV8 S2D1 m5455;2021-05-01T00:00+02:00;2021-06-01T00:00+02:00;2021;5;632;502;762;100;31;31;0;1;99,8;3;598;34;27;6;1;0;0;0
31157V2782679;Tromsøysundtunnelen T2;EV8 S2D1 m5455;2021-05-01T00:00+02:00;2021-06-01T00:00+02:00;2021;5;2;0;4;100;31;31;0;0;100;Totalt i retning Tomasjord;0;2;0;1;0;0;0;0
31157V2782679;Tromsøysundtunnelen T2;EV8 S2D1 m5455;2021-05-01T00:00+02:00;2021-06-01T00:00+02:00;2021;5;5258;4559;5957;100;31;31;0;1;100;Totalt i retning Tromsøya;4686;570;264;185;61;60;55;5
31157V2782679;Tromsøysundtunnelen T2;EV8 S2D1 m5455;2021-05-01T00:00+02:00;2021-06-01T00:00+02:00;2021;5;5260;4561;5959;100;31;31;0;1;100;Totalt;4686;572;265;186;61;60;55;5
31157V2782679;Tromsøysundtunnelen T2;EV8 S2D1 m5455;2021-06-01T00:00+02:00;2021-07-01T00:00+02:00;2021;6;5113;4631;5595;100;30;30;0;1;100;1;4444;668;293;236;67;72;67;5
31157V2782679;Tromsøysundtunnelen T2;EV8 S2D1 m5455;2021-06-01T00:00+02:00;2021-07-01T00:00+02:00;2021;6;731;621;841;100;30;30;0;0;100;3;694;36;29;6;1;0;0;0
31157V2782679;Tromsøysundtunnelen T2;EV8 S2D1 m5455;2021-06-01T00:00+02:00;2021-07-01T00:00+02:00;2021;6;0;-1;1;100;30;30;0;0;-;Totalt i retning Tomasjord;0;0;0;0;0;0;0;0
31157V2782679;Tromsøysundtunnelen T2;EV8 S2D1 m5455;2021-06-01T00:00+02:00;2021-07-01T00:00+02:00;2021;6;5843;5253;6433;100;30;30;0;0;100;Totalt i retning Tromsøya;5138;705;322;241;68;73;68;5
31157V2782679;Tromsøysundtunnelen T2;EV8 S2D1 m5455;2021-06-01T00:00+02:00;2021-07-01T00:00+02:00;2021;6;5844;5254;6434;100;30;30;0;1;100;Totalt;5138;705;322;242;68;73;68;5
31157V2782679;Tromsøysundtunnelen T2;EV8 S2D1 m5455;2021-07-01T00:00+02:00;2021-08-01T00:00+02:00;2021;7;3884;3537;4231;100;31;31;0;1;100;1;3382;501;208;186;46;61;56;5
31157V2782679;Tromsøysundtunnelen T2;EV8 S2D1 m5455;2021-07-01T00:00+02:00;2021-08-01T00:00+02:00;2021;7;428;354;502;100;31;31;0;0;100;3;406;22;16;4;1;0;0;0
31157V2782679;Tromsøysundtunnelen T2;EV8 S2D1 m5455;2021-07-01T00:00+02:00;2021-08-01T00:00+02:00;2021;7;0;0;0;100;31;31;0;0;-;Totalt i retning Tomasjord;0;0;0;0;0;0;0;0
31157V2782679;Tromsøysundtunnelen T2;EV8 S2D1 m5455;2021-07-01T00:00+02:00;2021-08-01T00:00+02:00;2021;7;4311;3894;4728;100;31;31;0;0;100;Totalt i retning Tromsøya;3787;524;224;190;47;61;56;5
31157V2782679;Tromsøysundtunnelen T2;EV8 S2D1 m5455;2021-07-01T00:00+02:00;2021-08-01T00:00+02:00;2021;7;4311;3894;4728;100;31;31;0;0;100;Totalt;3787;524;224;190;47;61;56;5
31157V2782679;Tromsøysundtunnelen T2;EV8 S2D1 m5455;2021-08-01T00:00+02:00;2021-09-01T00:00+02:00;2021;8;4664;4200;5128;100;31;31;0;0;100;1;4079;585;261;204;52;69;64;5
31157V2782679;Tromsøysundtunnelen T2;EV8 S2D1 m5455;2021-08-01T00:00+02:00;2021-09-01T00:00+02:00;2021;8;599;497;701;100;31;31;0;0;100;3;571;28;23;4;1;0;0;0
31157V2782679;Tromsøysundtunnelen T2;EV8 S2D1 m5455;2021-08-01T00:00+02:00;2021-09-01T00:00+02:00;2021;8;0;0;0;100;31;31;0;0;-;Totalt i retning Tomasjord;0;0;0;0;0;0;0;0
31157V2782679;Tromsøysundtunnelen T2;EV8 S2D1 m5455;2021-08-01T00:00+02:00;2021-09-01T00:00+02:00;2021;8;5263;4699;5827;100;31;31;0;0;100;Totalt i retning Tromsøya;4650;613;284;208;53;69;64;5
31157V2782679;Tromsøysundtunnelen T2;EV8 S2D1 m5455;2021-08-01T00:00+02:00;2021-09-01T00:00+02:00;2021;8;5264;4700;5828;100;31;31;0;1;100;Totalt;4650;613;284;208;53;69;64;5
31157V2782679;Tromsøysundtunnelen T2;EV8 S2D1 m5455;2021-09-01T00:00+02:00;2021-10-01T00:00+02:00;2021;9;5066;4598;5534;100;30;30;0;1;100;1;4419;646;279;217;74;77;72;5
31157V2782679;Tromsøysundtunnelen T2;EV8 S2D1 m5455;2021-09-01T00:00+02:00;2021-10-01T00:00+02:00;2021;9;764;647;881;100;30;30;0;0;100;3;730;34;28;5;1;0;0;0
31157V2782679;Tromsøysundtunnelen T2;EV8 S2D1 m5455;2021-09-01T00:00+02:00;2021-10-01T00:00+02:00;2021;9;0;0;0;100;30;30;0;0;-;Totalt i retning Tomasjord;0;0;0;0;0;0;0;0
31157V2782679;Tromsøysundtunnelen T2;EV8 S2D1 m5455;2021-09-01T00:00+02:00;2021-10-01T00:00+02:00;2021;9;5830;5246;6414;100;30;30;0;1;100;Totalt i retning Tromsøya;5149;680;307;222;74;77;72;5
31157V2782679;Tromsøysundtunnelen T2;EV8 S2D1 m5455;2021-09-01T00:00+02:00;2021-10-01T00:00+02:00;2021;9;5830;5246;6414;100;30;30;0;1;100;Totalt;5149;680;307;222;74;77;72;5
31157V2782679;Tromsøysundtunnelen T2;EV8 S2D1 m5455;2021-10-01T00:00+02:00;2021-11-01T00:00+01:00;2021;10;4779;4310;5248;100;31;31;0;1;100;1;4193;585;266;188;68;64;60;4
31157V2782679;Tromsøysundtunnelen T2;EV8 S2D1 m5455;2021-10-01T00:00+02:00;2021-11-01T00:00+01:00;2021;10;732;601;863;100;31;31;0;1;99,9;3;693;39;30;6;1;1;1;0
31157V2782679;Tromsøysundtunnelen T2;EV8 S2D1 m5455;2021-10-01T00:00+02:00;2021-11-01T00:00+01:00;2021;10;3;1;5;100;31;31;0;1;66,7;Totalt i retning Tomasjord;1;2;0;1;0;0;0;0
31157V2782679;Tromsøysundtunnelen T2;EV8 S2D1 m5455;2021-10-01T00:00+02:00;2021-11-01T00:00+01:00;2021;10;5508;4929;6087;100;31;31;0;1;100;Totalt i retning Tromsøya;4885;622;296;193;69;64;60;4
31157V2782679;Tromsøysundtunnelen T2;EV8 S2D1 m5455;2021-10-01T00:00+02:00;2021-11-01T00:00+01:00;2021;10;5510;4930;6090;100;31;31;0;1;100;Totalt;4886;624;296;194;69;64;60;4
31157V2782679;Tromsøysundtunnelen T2;EV8 S2D1 m5455;2021-11-01T00:00+01:00;2021-12-01T00:00+01:00;2021;11;4761;4265;5257;90;30;27;3;1;100;1;4188;572;271;162;69;69;65;4
31157V2782679;Tromsøysundtunnelen T2;EV8 S2D1 m5455;2021-11-01T00:00+01:00;2021-12-01T00:00+01:00;2021;11;680;563;797;90;30;27;3;0;100;3;649;31;25;4;1;0;0;0
31157V2782679;Tromsøysundtunnelen T2;EV8 S2D1 m5455;2021-11-01T00:00+01:00;2021-12-01T00:00+01:00;2021;11;3;-1;7;90;30;27;3;0;100;Totalt i retning Tomasjord;2;1;0;0;0;0;0;0
31157V2782679;Tromsøysundtunnelen T2;EV8 S2D1 m5455;2021-11-01T00:00+01:00;2021-12-01T00:00+01:00;2021;11;5438;4828;6048;90;30;27;3;1;100;Totalt i retning Tromsøya;4835;602;296;166;70;70;66;4
31157V2782679;Tromsøysundtunnelen T2;EV8 S2D1 m5455;2021-11-01T00:00+01:00;2021-12-01T00:00+01:00;2021;11;5440;4830;6050;90;30;27;3;0;100;Totalt;4837;603;296;166;70;70;66;4
31157V2782679;Tromsøysundtunnelen T2;EV8 S2D1 m5455;2021-12-01T00:00+01:00;2022-01-01T00:00+01:00;2021;12;4547;4059;5035;100;31;31;0;0;100;1;4052;495;241;128;65;60;56;4
31157V2782679;Tromsøysundtunnelen T2;EV8 S2D1 m5455;2021-12-01T00:00+01:00;2022-01-01T00:00+01:00;2021;12;586;482;690;100;31;31;0;0;100;3;562;24;21;2;1;0;0;0
31157V2782679;Tromsøysundtunnelen T2;EV8 S2D1 m5455;2021-12-01T00:00+01:00;2022-01-01T00:00+01:00;2021;12;0;0;0;100;31;31;0;0;-;Totalt i retning Tomasjord;0;0;0;0;0;0;0;0
31157V2782679;Tromsøysundtunnelen T2;EV8 S2D1 m5455;2021-12-01T00:00+01:00;2022-01-01T00:00+01:00;2021;12;5133;4544;5722;100;31;31;0;0;100;Totalt i retning Tromsøya;4613;519;263;131;66;61;57;4
31157V2782679;Tromsøysundtunnelen T2;EV8 S2D1 m5455;2021-12-01T00:00+01:00;2022-01-01T00:00+01:00;2021;12;5134;4545;5723;100;31;31;0;1;100;Totalt;4614;519;263;131;66;61;57;4
31157V2782679;Tromsøysundtunnelen T2;EV8 S2D1 m5455;2022-01-01T00:00+01:00;2022-02-01T00:00+01:00;2022;1;4334;3894;4774;100;31;31;0;1;100;1;3817;516;254;134;68;60;56;4
31157V2782679;Tromsøysundtunnelen T2;EV8 S2D1 m5455;2022-01-01T00:00+01:00;2022-02-01T00:00+01:00;2022;1;609;496;722;100;31;31;0;1;99,8;3;578;30;25;3;2;0;0;0
31157V2782679;Tromsøysundtunnelen T2;EV8 S2D1 m5455;2022-01-01T00:00+01:00;2022-02-01T00:00+01:00;2022;1;2;1;3;100;31;31;0;1;50;Totalt i retning Tomasjord;1;0;0;0;0;0;0;0
31157V2782679;Tromsøysundtunnelen T2;EV8 S2D1 m5455;2022-01-01T00:00+01:00;2022-02-01T00:00+01:00;2022;1;4941;4401;5481;100;31;31;0;1;100;Totalt i retning Tromsøya;4394;546;279;137;70;60;56;4
31157V2782679;Tromsøysundtunnelen T2;EV8 S2D1 m5455;2022-01-01T00:00+01:00;2022-02-01T00:00+01:00;2022;1;4942;4401;5483;100;31;31;0;1;100;Totalt;4395;546;279;137;70;60;56;4
31157V2782679;Tromsøysundtunnelen T2;EV8 S2D1 m5455;2022-02-01T00:00+01:00;2022-03-01T00:00+01:00;2022;2;4819;4381;5257;100;28;28;0;1;100;1;4259;559;265;146;77;71;66;5
31157V2782679;Tromsøysundtunnelen T2;EV8 S2D1 m5455;2022-02-01T00:00+01:00;2022-03-01T00:00+01:00;2022;2;628;530;726;100;28;28;0;0;100;3;601;27;23;3;1;0;0;0
31157V2782679;Tromsøysundtunnelen T2;EV8 S2D1 m5455;2022-02-01T00:00+01:00;2022-03-01T00:00+01:00;2022;2;0;0;0;100;28;28;0;0;-;Totalt i retning Tomasjord;0;0;0;0;0;0;0;0
31157V2782679;Tromsøysundtunnelen T2;EV8 S2D1 m5455;2022-02-01T00:00+01:00;2022-03-01T00:00+01:00;2022;2;5447;4913;5981;100;28;28;0;1;100;Totalt i retning Tromsøya;4860;586;288;149;78;71;66;5
31157V2782679;Tromsøysundtunnelen T2;EV8 S2D1 m5455;2022-02-01T00:00+01:00;2022-03-01T00:00+01:00;2022;2;5447;4913;5981;100;28;28;0;1;100;Totalt;4860;586;288;149;78;71;66;5
31157V2782679;Tromsøysundtunnelen T2;EV8 S2D1 m5455;2022-03-01T00:00+01:00;2022-04-01T00:00+02:00;2022;3;4877;4458;5296;100;31;31;0;1;100;1;4297;579;278;149;79;74;69;5
31157V2782679;Tromsøysundtunnelen T2;EV8 S2D1 m5455;2022-03-01T00:00+01:00;2022-04-01T00:00+02:00;2022;3;678;579;777;100;31;31;0;1;99,9;3;647;30;26;3;1;1;1;0
31157V2782679;Tromsøysundtunnelen T2;EV8 S2D1 m5455;2022-03-01T00:00+01:00;2022-04-01T00:00+02:00;2022;3;1;0;2;100;31;31;0;0;100;Totalt i retning Tomasjord;0;0;0;0;0;0;0;0
31157V2782679;Tromsøysundtunnelen T2;EV8 S2D1 m5455;2022-03-01T00:00+01:00;2022-04-01T00:00+02:00;2022;3;5554;5037;6071;100;31;31;0;1;100;Totalt i retning Tromsøya;4944;609;303;152;80;74;69;5
31157V2782679;Tromsøysundtunnelen T2;EV8 S2D1 m5455;2022-03-01T00:00+01:00;2022-04-01T00:00+02:00;2022;3;5555;5038;6072;100;31;31;0;2;100;Totalt;4944;609;303;152;80;74;69;5
31157V2782679;Tromsøysundtunnelen T2;EV8 S2D1 m5455;2022-04-01T00:00+02:00;2022-05-01T00:00+02:00;2022;4;4429;3863;4995;100;30;30;0;0;100;1;3920;509;234;139;70;65;61;4
31157V2782679;Tromsøysundtunnelen T2;EV8 S2D1 m5455;2022-04-01T00:00+02:00;2022-05-01T00:00+02:00;2022;4;572;451;693;100;30;30;0;0;100;3;549;23;19;2;1;0;0;0
31157V2782679;Tromsøysundtunnelen T2;EV8 S2D1 m5455;2022-04-01T00:00+02:00;2022-05-01T00:00+02:00;2022;4;0;0;0;100;30;30;0;0;-;Totalt i retning Tomasjord;0;0;0;0;0;0;0;0
31157V2782679;Tromsøysundtunnelen T2;EV8 S2D1 m5455;2022-04-01T00:00+02:00;2022-05-01T00:00+02:00;2022;4;5002;4318;5686;100;30;30;0;1;100;Totalt i retning Tromsøya;4469;532;254;142;70;66;62;4
31157V2782679;Tromsøysundtunnelen T2;EV8 S2D1 m5455;2022-04-01T00:00+02:00;2022-05-01T00:00+02:00;2022;4;5002;4318;5686;100;30;30;0;1;100;Totalt;4469;532;254;142;70;66;62;4
31157V2782679;Tromsøysundtunnelen T2;EV8 S2D1 m5455;2022-05-01T00:00+02:00;2022-06-01T00:00+02:00;2022;5;4767;4281;5253;100;31;31;0;1;100;1;4157;609;267;184;78;78;74;4
31157V2782679;Tromsøysundtunnelen T2;EV8 S2D1 m5455;2022-05-01T00:00+02:00;2022-06-01T00:00+02:00;2022;5;684;561;807;100;31;31;0;0;100;3;653;31;25;4;1;0;0;0
31157V2782679;Tromsøysundtunnelen T2;EV8 S2D1 m5455;2022-05-01T00:00+02:00;2022-06-01T00:00+02:00;2022;5;1;0;2;100;31;31;0;0;100;Totalt i retning Tomasjord;0;1;0;1;0;0;0;0
31157V2782679;Tromsøysundtunnelen T2;EV8 S2D1 m5455;2022-05-01T00:00+02:00;2022-06-01T00:00+02:00;2022;5;5450;4844;6056;100;31;31;0;1;100;Totalt i retning Tromsøya;4810;639;292;188;79;80;75;5
31157V2782679;Tromsøysundtunnelen T2;EV8 S2D1 m5455;2022-05-01T00:00+02:00;2022-06-01T00:00+02:00;2022;5;5451;4845;6057;100;31;31;0;2;100;Totalt;4810;639;293;189;79;80;75;5
31157V2782679;Tromsøysundtunnelen T2;EV8 S2D1 m5455;2022-06-01T00:00+02:00;2022-07-01T00:00+02:00;2022;6;5091;4589;5593;100;30;30;0;0;100;1;4354;737;320;239;84;94;89;5
31157V2782679;Tromsøysundtunnelen T2;EV8 S2D1 m5455;2022-06-01T00:00+02:00;2022-07-01T00:00+02:00;2022;6;771;617;925;100;30;30;0;0;100;3;732;40;30;7;2;1;1;0
31157V2782679;Tromsøysundtunnelen T2;EV8 S2D1 m5455;2022-06-01T00:00+02:00;2022-07-01T00:00+02:00;2022;6;0;-1;1;100;30;30;0;0;-;Totalt i retning Tomasjord;0;0;0;0;0;0;0;0
31157V2782679;Tromsøysundtunnelen T2;EV8 S2D1 m5455;2022-06-01T00:00+02:00;2022-07-01T00:00+02:00;2022;6;5862;5227;6497;100;30;30;0;1;100;Totalt i retning Tromsøya;5085;776;349;246;86;94;89;5
31157V2782679;Tromsøysundtunnelen T2;EV8 S2D1 m5455;2022-06-01T00:00+02:00;2022-07-01T00:00+02:00;2022;6;5862;5227;6497;100;30;30;0;0;100;Totalt;5085;776;349;246;86;94;89;5
31157V2782679;Tromsøysundtunnelen T2;EV8 S2D1 m5455;2022-07-01T00:00+02:00;2022-08-01T00:00+02:00;2022;7;3529;3190;3868;100;31;31;0;0;100;1;3029;500;221;168;47;63;59;4
31157V2782679;Tromsøysundtunnelen T2;EV8 S2D1 m5455;2022-07-01T00:00+02:00;2022-08-01T00:00+02:00;2022;7;359;303;415;100;31;31;0;0;100;3;341;17;13;3;1;0;0;0
31157V2782679;Tromsøysundtunnelen T2;EV8 S2D1 m5455;2022-07-01T00:00+02:00;2022-08-01T00:00+02:00;2022;7;0;0;0;100;31;31;0;0;-;Totalt i retning Tomasjord;0;0;0;0;0;0;0;0
31157V2782679;Tromsøysundtunnelen T2;EV8 S2D1 m5455;2022-07-01T00:00+02:00;2022-08-01T00:00+02:00;2022;7;3888;3495;4281;100;31;31;0;1;100;Totalt i retning Tromsøya;3370;517;234;171;48;63;59;4
31157V2782679;Tromsøysundtunnelen T2;EV8 S2D1 m5455;2022-07-01T00:00+02:00;2022-08-01T00:00+02:00;2022;7;3888;3495;4281;100;31;31;0;1;100;Totalt;3370;517;234;171;48;63;59;4
31157V2782679;Tromsøysundtunnelen T2;EV8 S2D1 m5455;2022-08-01T00:00+02:00;2022-09-01T00:00+02:00;2022;8;4569;4147;4991;100;31;31;0;0;100;1;3947;622;274;209;63;76;72;4
31157V2782679;Tromsøysundtunnelen T2;EV8 S2D1 m5455;2022-08-01T00:00+02:00;2022-09-01T00:00+02:00;2022;8;638;522;754;100;31;31;0;0;100;3;606;32;25;5;1;1;1;0
31157V2782679;Tromsøysundtunnelen T2;EV8 S2D1 m5455;2022-08-01T00:00+02:00;2022-09-01T00:00+02:00;2022;8;0;0;0;100;31;31;0;0;-;Totalt i retning Tomasjord;-;-;-;-;-;-;-;-
31157V2782679;Tromsøysundtunnelen T2;EV8 S2D1 m5455;2022-08-01T00:00+02:00;2022-09-01T00:00+02:00;2022;8;5207;4678;5736;100;31;31;0;1;100;Totalt i retning Tromsøya;4552;654;299;214;64;77;73;4
31157V2782679;Tromsøysundtunnelen T2;EV8 S2D1 m5455;2022-08-01T00:00+02:00;2022-09-01T00:00+02:00;2022;8;5207;4678;5736;100;31;31;0;1;100;Totalt;4552;654;299;214;64;77;73;4
31157V2782679;Tromsøysundtunnelen T2;EV8 S2D1 m5455;2022-09-01T00:00+02:00;2022-10-01T00:00+02:00;2022;9;4937;4499;5375;100;30;30;0;0;100;1;4244;693;313;218;80;82;77;5
31157V2782679;Tromsøysundtunnelen T2;EV8 S2D1 m5455;2022-09-01T00:00+02:00;2022-10-01T00:00+02:00;2022;9;749;637;861;100;30;30;0;1;99,9;3;714;35;28;5;1;0;0;0
31157V2782679;Tromsøysundtunnelen T2;EV8 S2D1 m5455;2022-09-01T00:00+02:00;2022-10-01T00:00+02:00;2022;9;0;0;0;100;30;30;0;0;-;Totalt i retning Tomasjord;-;-;-;-;-;-;-;-
31157V2782679;Tromsøysundtunnelen T2;EV8 S2D1 m5455;2022-09-01T00:00+02:00;2022-10-01T00:00+02:00;2022;9;5686;5137;6235;100;30;30;0;1;100;Totalt i retning Tromsøya;4957;728;341;223;81;83;78;5
31157V2782679;Tromsøysundtunnelen T2;EV8 S2D1 m5455;2022-09-01T00:00+02:00;2022-10-01T00:00+02:00;2022;9;5686;5137;6235;100;30;30;0;0;100;Totalt;4958;728;341;223;81;83;78;5
31157V2782679;Tromsøysundtunnelen T2;EV8 S2D1 m5455;2022-10-01T00:00+02:00;2022-11-01T00:00+01:00;2022;10;4736;4299;5173;100;31;31;0;1;100;1;4105;630;283;194;75;78;74;4
31157V2782679;Tromsøysundtunnelen T2;EV8 S2D1 m5455;2022-10-01T00:00+02:00;2022-11-01T00:00+01:00;2022;10;701;585;817;100;31;31;0;0;100;3;667;34;28;4;1;0;0;0
31157V2782679;Tromsøysundtunnelen T2;EV8 S2D1 m5455;2022-10-01T00:00+02:00;2022-11-01T00:00+01:00;2022;10;1;-1;3;100;31;31;0;1;0;Totalt i retning Tomasjord;-;-;-;-;-;-;-;-
31157V2782679;Tromsøysundtunnelen T2;EV8 S2D1 m5455;2022-10-01T00:00+02:00;2022-11-01T00:00+01:00;2022;10;5435;4884;5986;100;31;31;0;0;100;Totalt i retning Tromsøya;4772;662;310;198;76;78;74;4
31157V2782679;Tromsøysundtunnelen T2;EV8 S2D1 m5455;2022-10-01T00:00+02:00;2022-11-01T00:00+01:00;2022;10;5437;4886;5988;100;31;31;0;1;100;Totalt;4773;663;311;198;76;78;74;4
31157V2782679;Tromsøysundtunnelen T2;EV8 S2D1 m5455;2022-11-01T00:00+01:00;2022-12-01T00:00+01:00;2022;11;4807;4367;5247;100;30;30;0;0;100;1;4189;618;284;179;78;77;72;5
31157V2782679;Tromsøysundtunnelen T2;EV8 S2D1 m5455;2022-11-01T00:00+01:00;2022-12-01T00:00+01:00;2022;11;715;609;821;100;30;30;0;0;100;3;683;33;28;3;1;0;0;0
31157V2782679;Tromsøysundtunnelen T2;EV8 S2D1 m5455;2022-11-01T00:00+01:00;2022-12-01T00:00+01:00;2022;11;0;0;0;100;30;30;0;0;-;Totalt i retning Tomasjord;-;-;-;-;-;-;-;-
31157V2782679;Tromsøysundtunnelen T2;EV8 S2D1 m5455;2022-11-01T00:00+01:00;2022-12-01T00:00+01:00;2022;11;5522;4977;6067;100;30;30;0;0;100;Totalt i retning Tromsøya;4871;651;312;182;80;77;72;5
31157V2782679;Tromsøysundtunnelen T2;EV8 S2D1 m5455;2022-11-01T00:00+01:00;2022-12-01T00:00+01:00;2022;11;5523;4978;6068;100;30;30;0;1;100;Totalt;4871;651;312;182;80;77;72;5
31157V2782679;Tromsøysundtunnelen T2;EV8 S2D1 m5455;2022-12-01T00:00+01:00;2023-01-01T00:00+01:00;2022;12;4383;3922;4844;100;31;31;0;1;100;1;3905;477;233;120;66;58;54;4
31157V2782679;Tromsøysundtunnelen T2;EV8 S2D1 m5455;2022-12-01T00:00+01:00;2023-01-01T00:00+01:00;2022;12;577;471;683;100;31;31;0;0;100;3;551;26;21;3;1;0;0;0
31157V2782679;Tromsøysundtunnelen T2;EV8 S2D1 m5455;2022-12-01T00:00+01:00;2023-01-01T00:00+01:00;2022;12;1;0;2;100;31;31;0;1;0;Totalt i retning Tomasjord;-;-;-;-;-;-;-;-
31157V2782679;Tromsøysundtunnelen T2;EV8 S2D1 m5455;2022-12-01T00:00+01:00;2023-01-01T00:00+01:00;2022;12;4960;4397;5523;100;31;31;0;1;100;Totalt i retning Tromsøya;4456;504;255;124;67;58;54;4
31157V2782679;Tromsøysundtunnelen T2;EV8 S2D1 m5455;2022-12-01T00:00+01:00;2023-01-01T00:00+01:00;2022;12;4960;4397;5523;100;31;31;0;1;100;Totalt;4456;504;255;124;67;58;54;4
31157V2782679;Tromsøysundtunnelen T2;EV8 S2D1 m5455;2023-01-01T00:00+01:00;2023-02-01T00:00+01:00;2023;1;4195;3815;4575;100;31;31;0;1;100;1;3664;529;249;139;77;65;60;5
31157V2782679;Tromsøysundtunnelen T2;EV8 S2D1 m5455;2023-01-01T00:00+01:00;2023-02-01T00:00+01:00;2023;1;543;456;630;100;31;31;0;0;100;3;516;26;21;4;1;0;0;0
31157V2782679;Tromsøysundtunnelen T2;EV8 S2D1 m5455;2023-01-01T00:00+01:00;2023-02-01T00:00+01:00;2023;1;1;0;2;100;31;31;0;1;0;Totalt i retning Tomasjord;-;-;-;-;-;-;-;-
31157V2782679;Tromsøysundtunnelen T2;EV8 S2D1 m5455;2023-01-01T00:00+01:00;2023-02-01T00:00+01:00;2023;1;4736;4273;5199;100;31;31;0;0;100;Totalt i retning Tromsøya;4181;555;270;142;78;65;60;5
31157V2782679;Tromsøysundtunnelen T2;EV8 S2D1 m5455;2023-01-01T00:00+01:00;2023-02-01T00:00+01:00;2023;1;4738;4275;5201;100;31;31;0;2;100;Totalt;4181;556;270;143;78;65;60;5
31157V2782679;Tromsøysundtunnelen T2;EV8 S2D1 m5455;2023-02-01T00:00+01:00;2023-03-01T00:00+01:00;2023;2;4219;3856;4582;100;28;28;0;0;100;1;3679;540;252;144;78;65;61;4
31157V2782679;Tromsøysundtunnelen T2;EV8 S2D1 m5455;2023-02-01T00:00+01:00;2023-03-01T00:00+01:00;2023;2;561;475;647;100;28;28;0;1;99,8;3;534;26;20;4;1;0;0;0
31157V2782679;Tromsøysundtunnelen T2;EV8 S2D1 m5455;2023-02-01T00:00+01:00;2023-03-01T00:00+01:00;2023;2;0;0;0;100;28;28;0;0;-;Totalt i retning Tomasjord;-;-;-;-;-;-;-;-
31157V2782679;Tromsøysundtunnelen T2;EV8 S2D1 m5455;2023-02-01T00:00+01:00;2023-03-01T00:00+01:00;2023;2;4780;4336;5224;100;28;28;0;1;100;Totalt i retning Tromsøya;4213;566;272;149;80;65;61;4
31157V2782679;Tromsøysundtunnelen T2;EV8 S2D1 m5455;2023-02-01T00:00+01:00;2023-03-01T00:00+01:00;2023;2;4780;4336;5224;100;28;28;0;1;100;Totalt;4213;566;272;149;80;65;61;4
31157V2782679;Tromsøysundtunnelen T2;EV8 S2D1 m5455;2023-03-01T00:00+01:00;2023-04-01T00:00+02:00;2023;3;4370;4019;4721;100;31;31;0;0;100;1;3817;553;259;145;82;66;61;5
31157V2782679;Tromsøysundtunnelen T2;EV8 S2D1 m5455;2023-03-01T00:00+01:00;2023-04-01T00:00+02:00;2023;3;562;483;641;100;31;31;0;1;99,8;3;533;28;21;5;1;1;1;0
31157V2782679;Tromsøysundtunnelen T2;EV8 S2D1 m5455;2023-03-01T00:00+01:00;2023-04-01T00:00+02:00;2023;3;0;0;0;100;31;31;0;0;-;Totalt i retning Tomasjord;-;-;-;-;-;-;-;-
31157V2782679;Tromsøysundtunnelen T2;EV8 S2D1 m5455;2023-03-01T00:00+01:00;2023-04-01T00:00+02:00;2023;3;4931;4513;5349;100;31;31;0;0;100;Totalt i retning Tromsøya;4350;581;281;150;84;67;62;5
31157V2782679;Tromsøysundtunnelen T2;EV8 S2D1 m5455;2023-03-01T00:00+01:00;2023-04-01T00:00+02:00;2023;3;4932;4514;5350;100;31;31;0;1;100;Totalt;4350;581;281;150;84;67;62;5
31157V2782679;Tromsøysundtunnelen T2;EV8 S2D1 m5455;2023-04-01T00:00+02:00;2023-05-01T00:00+02:00;2023;4;3866;3363;4369;100;30;30;0;0;100;1;3410;455;218;122;62;53;49;4
31157V2782679;Tromsøysundtunnelen T2;EV8 S2D1 m5455;2023-04-01T00:00+02:00;2023-05-01T00:00+02:00;2023;4;460;363;557;100;30;30;0;1;99,8;3;438;21;18;3;1;0;0;0
31157V2782679;Tromsøysundtunnelen T2;EV8 S2D1 m5455;2023-04-01T00:00+02:00;2023-05-01T00:00+02:00;2023;4;0;-1;1;100;30;30;0;0;-;Totalt i retning Tomasjord;-;-;-;-;-;-;-;-
31157V2782679;Tromsøysundtunnelen T2;EV8 S2D1 m5455;2023-04-01T00:00+02:00;2023-05-01T00:00+02:00;2023;4;4326;3727;4925;100;30;30;0;1;100;Totalt i retning Tromsøya;3848;476;235;124;63;54;50;4
31157V2782679;Tromsøysundtunnelen T2;EV8 S2D1 m5455;2023-04-01T00:00+02:00;2023-05-01T00:00+02:00;2023;4;4326;3727;4925;100;30;30;0;1;100;Totalt;3849;476;235;125;63;54;50;4
68511V2673383;Tromsøysundtunnelen T1;EV8 S2D1 m2967;2021-01-01T00:00+01:00;2021-02-01T00:00+01:00;2021;1;676;541;811;100;31;31;0;0;100;1;624;52;44;7;1;1;1;0
68511V2673383;Tromsøysundtunnelen T1;EV8 S2D1 m2967;2021-01-01T00:00+01:00;2021-02-01T00:00+01:00;2021;1;4510;4018;5002;100;31;31;0;1;100;3;4123;387;138;119;67;63;58;5
68511V2673383;Tromsøysundtunnelen T1;EV8 S2D1 m2967;2021-01-01T00:00+01:00;2021-02-01T00:00+01:00;2021;1;0;0;0;100;31;31;0;0;-;Totalt i retning Tromsøya;0;0;0;0;0;0;0;0
68511V2673383;Tromsøysundtunnelen T1;EV8 S2D1 m2967;2021-01-01T00:00+01:00;2021-02-01T00:00+01:00;2021;1;5185;4560;5810;100;31;31;0;0;100;Totalt i retning Tomasjord;4746;439;181;125;68;64;59;5
68511V2673383;Tromsøysundtunnelen T1;EV8 S2D1 m2967;2021-01-01T00:00+01:00;2021-02-01T00:00+01:00;2021;1;5185;4559;5811;100;31;31;0;0;100;Totalt;4747;439;181;125;68;64;59;5
68511V2673383;Tromsøysundtunnelen T1;EV8 S2D1 m2967;2021-02-01T00:00+01:00;2021-03-01T00:00+01:00;2021;2;751;614;888;100;28;28;0;0;100;1;692;58;48;9;1;1;1;0
68511V2673383;Tromsøysundtunnelen T1;EV8 S2D1 m2967;2021-02-01T00:00+01:00;2021-03-01T00:00+01:00;2021;2;4762;4273;5251;100;28;28;0;1;100;3;4316;445;160;137;73;75;70;5
68511V2673383;Tromsøysundtunnelen T1;EV8 S2D1 m2967;2021-02-01T00:00+01:00;2021-03-01T00:00+01:00;2021;2;1;0;2;96,4;28;27;1;1;0;Totalt i retning Tromsøya;0;0;0;0;0;0;0;0
68511V2673383;Tromsøysundtunnelen T1;EV8 S2D1 m2967;2021-02-01T00:00+01:00;2021-03-01T00:00+01:00;2021;2;5512;4896;6128;100;28;28;0;0;100;Totalt i retning Tomasjord;5008;504;208;146;74;76;71;5
68511V2673383;Tromsøysundtunnelen T1;EV8 S2D1 m2967;2021-02-01T00:00+01:00;2021-03-01T00:00+01:00;2021;2;5513;4897;6129;100;28;28;0;1;100;Totalt;5008;504;208;146;74;76;71;5
68511V2673383;Tromsøysundtunnelen T1;EV8 S2D1 m2967;2021-03-01T00:00+01:00;2021-04-01T00:00+02:00;2021;3;705;580;830;100;31;31;0;1;99,9;1;650;54;46;7;1;1;1;0
68511V2673383;Tromsøysundtunnelen T1;EV8 S2D1 m2967;2021-03-01T00:00+01:00;2021-04-01T00:00+02:00;2021;3;4804;4348;5260;100;31;31;0;0;100;3;4353;451;158;139;76;78;73;5
68511V2673383;Tromsøysundtunnelen T1;EV8 S2D1 m2967;2021-03-01T00:00+01:00;2021-04-01T00:00+02:00;2021;3;1;0;2;100;31;31;0;0;100;Totalt i retning Tromsøya;0;0;0;0;0;0;0;0
68511V2673383;Tromsøysundtunnelen T1;EV8 S2D1 m2967;2021-03-01T00:00+01:00;2021-04-01T00:00+02:00;2021;3;5508;4930;6086;100;31;31;0;1;100;Totalt i retning Tomasjord;5002;505;204;146;77;78;73;5
68511V2673383;Tromsøysundtunnelen T1;EV8 S2D1 m2967;2021-03-01T00:00+01:00;2021-04-01T00:00+02:00;2021;3;5509;4931;6087;100;31;31;0;1;100;Totalt;5003;506;204;147;77;78;73;5
68511V2673383;Tromsøysundtunnelen T1;EV8 S2D1 m2967;2021-04-01T00:00+02:00;2021-05-01T00:00+02:00;2021;4;658;516;800;100;30;30;0;0;100;1;609;50;43;6;0;0;0;0
68511V2673383;Tromsøysundtunnelen T1;EV8 S2D1 m2967;2021-04-01T00:00+02:00;2021-05-01T00:00+02:00;2021;4;4666;4087;5245;100;30;30;0;0;100;3;4241;425;143;144;72;66;61;5
68511V2673383;Tromsøysundtunnelen T1;EV8 S2D1 m2967;2021-04-01T00:00+02:00;2021-05-01T00:00+02:00;2021;4;0;0;0;100;30;30;0;0;-;Totalt i retning Tromsøya;0;0;0;0;0;0;0;0
68511V2673383;Tromsøysundtunnelen T1;EV8 S2D1 m2967;2021-04-01T00:00+02:00;2021-05-01T00:00+02:00;2021;4;5324;4605;6043;100;30;30;0;0;100;Totalt i retning Tomasjord;4849;475;186;150;72;66;61;5
68511V2673383;Tromsøysundtunnelen T1;EV8 S2D1 m2967;2021-04-01T00:00+02:00;2021-05-01T00:00+02:00;2021;4;5324;4605;6043;100;30;30;0;0;100;Totalt;4849;475;186;150;72;66;61;5
68511V2673383;Tromsøysundtunnelen T1;EV8 S2D1 m2967;2021-05-01T00:00+02:00;2021-06-01T00:00+02:00;2021;5;714;545;883;100;31;31;0;0;100;1;656;58;44;13;1;0;0;0
68511V2673383;Tromsøysundtunnelen T1;EV8 S2D1 m2967;2021-05-01T00:00+02:00;2021-06-01T00:00+02:00;2021;5;4739;4142;5336;100;31;31;0;1;100;3;4276;463;154;173;66;69;64;5
68511V2673383;Tromsøysundtunnelen T1;EV8 S2D1 m2967;2021-05-01T00:00+02:00;2021-06-01T00:00+02:00;2021;5;2;0;4;100;31;31;0;0;100;Totalt i retning Tromsøya;0;2;0;1;0;0;0;0
68511V2673383;Tromsøysundtunnelen T1;EV8 S2D1 m2967;2021-05-01T00:00+02:00;2021-06-01T00:00+02:00;2021;5;5451;4690;6212;100;31;31;0;0;100;Totalt i retning Tomasjord;4931;519;198;185;67;69;64;5
68511V2673383;Tromsøysundtunnelen T1;EV8 S2D1 m2967;2021-05-01T00:00+02:00;2021-06-01T00:00+02:00;2021;5;5453;4692;6214;100;31;31;0;1;100;Totalt;4931;521;198;186;67;69;64;5
68511V2673383;Tromsøysundtunnelen T1;EV8 S2D1 m2967;2021-06-01T00:00+02:00;2021-07-01T00:00+02:00;2021;6;1326;830;1822;100;30;30;0;0;100;1;1176;150;91;43;4;11;10;1
68511V2673383;Tromsøysundtunnelen T1;EV8 S2D1 m2967;2021-06-01T00:00+02:00;2021-07-01T00:00+02:00;2021;6;4994;4388;5600;100;30;30;0;0;100;3;4470;524;170;211;69;74;68;6
68511V2673383;Tromsøysundtunnelen T1;EV8 S2D1 m2967;2021-06-01T00:00+02:00;2021-07-01T00:00+02:00;2021;6;0;-1;1;100;30;30;0;0;-;Totalt i retning Tromsøya;0;0;0;0;0;0;0;0
68511V2673383;Tromsøysundtunnelen T1;EV8 S2D1 m2967;2021-06-01T00:00+02:00;2021-07-01T00:00+02:00;2021;6;6320;5672;6968;100;30;30;0;1;100;Totalt i retning Tomasjord;5645;674;262;255;73;84;78;6
68511V2673383;Tromsøysundtunnelen T1;EV8 S2D1 m2967;2021-06-01T00:00+02:00;2021-07-01T00:00+02:00;2021;6;6320;5672;6968;100;30;30;0;0;100;Totalt;5645;674;262;255;73;84;78;6
68511V2673383;Tromsøysundtunnelen T1;EV8 S2D1 m2967;2021-07-01T00:00+02:00;2021-08-01T00:00+02:00;2021;7;477;384;570;100;31;31;0;0;100;1;435;42;32;9;1;0;0;0
68511V2673383;Tromsøysundtunnelen T1;EV8 S2D1 m2967;2021-07-01T00:00+02:00;2021-08-01T00:00+02:00;2021;7;4023;3650;4396;100;31;31;0;0;100;3;3590;433;138;179;50;66;60;6
68511V2673383;Tromsøysundtunnelen T1;EV8 S2D1 m2967;2021-07-01T00:00+02:00;2021-08-01T00:00+02:00;2021;7;0;0;0;100;31;31;0;0;-;Totalt i retning Tromsøya;0;0;0;0;0;0;0;0
68511V2673383;Tromsøysundtunnelen T1;EV8 S2D1 m2967;2021-07-01T00:00+02:00;2021-08-01T00:00+02:00;2021;7;4500;4037;4963;100;31;31;0;0;100;Totalt i retning Tomasjord;4025;475;169;188;51;66;60;6
68511V2673383;Tromsøysundtunnelen T1;EV8 S2D1 m2967;2021-07-01T00:00+02:00;2021-08-01T00:00+02:00;2021;7;4500;4037;4963;100;31;31;0;0;100;Totalt;4025;475;169;188;51;66;60;6
68511V2673383;Tromsøysundtunnelen T1;EV8 S2D1 m2967;2021-08-01T00:00+02:00;2021-09-01T00:00+02:00;2021;8;717;582;852;100;31;31;0;0;100;1;659;58;45;12;1;0;0;0
68511V2673383;Tromsøysundtunnelen T1;EV8 S2D1 m2967;2021-08-01T00:00+02:00;2021-09-01T00:00+02:00;2021;8;4884;4395;5373;100;31;31;0;0;100;3;4370;515;176;202;61;76;71;5
68511V2673383;Tromsøysundtunnelen T1;EV8 S2D1 m2967;2021-08-01T00:00+02:00;2021-09-01T00:00+02:00;2021;8;0;0;0;100;31;31;0;0;-;Totalt i retning Tromsøya;0;0;0;0;0;0;0;0
68511V2673383;Tromsøysundtunnelen T1;EV8 S2D1 m2967;2021-08-01T00:00+02:00;2021-09-01T00:00+02:00;2021;8;5602;4980;6224;100;31;31;0;0;100;Totalt i retning Tomasjord;5029;572;220;214;62;76;71;5
68511V2673383;Tromsøysundtunnelen T1;EV8 S2D1 m2967;2021-08-01T00:00+02:00;2021-09-01T00:00+02:00;2021;8;5602;4980;6224;100;31;31;0;0;100;Totalt;5029;572;220;214;62;76;71;5
68511V2673383;Tromsøysundtunnelen T1;EV8 S2D1 m2967;2021-09-01T00:00+02:00;2021-10-01T00:00+02:00;2021;9;846;702;990;100;30;30;0;0;100;1;776;70;58;11;1;0;0;0
68511V2673383;Tromsøysundtunnelen T1;EV8 S2D1 m2967;2021-09-01T00:00+02:00;2021-10-01T00:00+02:00;2021;9;5262;4765;5759;100;30;30;0;0;100;3;4693;569;182;218;85;85;79;6
68511V2673383;Tromsøysundtunnelen T1;EV8 S2D1 m2967;2021-09-01T00:00+02:00;2021-10-01T00:00+02:00;2021;9;0;0;0;100;30;30;0;0;-;Totalt i retning Tromsøya;0;0;0;0;0;0;0;0
68511V2673383;Tromsøysundtunnelen T1;EV8 S2D1 m2967;2021-09-01T00:00+02:00;2021-10-01T00:00+02:00;2021;9;6107;5467;6747;100;30;30;0;0;100;Totalt i retning Tomasjord;5468;639;240;229;86;85;79;6
68511V2673383;Tromsøysundtunnelen T1;EV8 S2D1 m2967;2021-09-01T00:00+02:00;2021-10-01T00:00+02:00;2021;9;6108;5468;6748;100;30;30;0;1;100;Totalt;5468;639;240;229;86;85;79;6
68511V2673383;Tromsøysundtunnelen T1;EV8 S2D1 m2967;2021-10-01T00:00+02:00;2021-11-01T00:00+01:00;2021;10;784;643;925;100;31;31;0;1;99,9;1;718;65;53;11;1;0;0;0
68511V2673383;Tromsøysundtunnelen T1;EV8 S2D1 m2967;2021-10-01T00:00+02:00;2021-11-01T00:00+01:00;2021;10;4908;4423;5393;100;31;31;0;0;100;3;4412;495;164;183;75;75;70;5
68511V2673383;Tromsøysundtunnelen T1;EV8 S2D1 m2967;2021-10-01T00:00+02:00;2021-11-01T00:00+01:00;2021;10;3;1;5;100;31;31;0;0;100;Totalt i retning Tromsøya;0;2;1;2;0;0;0;0
68511V2673383;Tromsøysundtunnelen T1;EV8 S2D1 m2967;2021-10-01T00:00+02:00;2021-11-01T00:00+01:00;2021;10;5690;5066;6314;100;31;31;0;1;100;Totalt i retning Tomasjord;5130;558;216;192;76;75;70;5
68511V2673383;Tromsøysundtunnelen T1;EV8 S2D1 m2967;2021-10-01T00:00+02:00;2021-11-01T00:00+01:00;2021;10;5693;5069;6317;100;31;31;0;2;100;Totalt;5131;560;216;194;76;75;70;5
68511V2673383;Tromsøysundtunnelen T1;EV8 S2D1 m2967;2021-11-01T00:00+01:00;2021-12-01T00:00+01:00;2021;11;761;617;905;90;30;27;3;0;100;1;706;56;47;8;0;1;1;0
68511V2673383;Tromsøysundtunnelen T1;EV8 S2D1 m2967;2021-11-01T00:00+01:00;2021-12-01T00:00+01:00;2021;11;4847;4349;5345;90;30;27;3;0;100;3;4379;468;155;155;76;82;77;5
68511V2673383;Tromsøysundtunnelen T1;EV8 S2D1 m2967;2021-11-01T00:00+01:00;2021-12-01T00:00+01:00;2021;11;2;-2;6;90;30;27;3;0;100;Totalt i retning Tromsøya;2;0;0;0;0;0;0;0
68511V2673383;Tromsøysundtunnelen T1;EV8 S2D1 m2967;2021-11-01T00:00+01:00;2021-12-01T00:00+01:00;2021;11;5607;4969;6245;90;30;27;3;0;100;Totalt i retning Tomasjord;5083;524;202;163;76;83;78;5
68511V2673383;Tromsøysundtunnelen T1;EV8 S2D1 m2967;2021-11-01T00:00+01:00;2021-12-01T00:00+01:00;2021;11;5609;4971;6247;90;30;27;3;1;100;Totalt;5084;524;202;163;76;83;78;5
68511V2673383;Tromsøysundtunnelen T1;EV8 S2D1 m2967;2021-12-01T00:00+01:00;2022-01-01T00:00+01:00;2021;12;938;571;1305;100;31;31;0;0;100;1;847;90;61;18;4;7;7;0
68511V2673383;Tromsøysundtunnelen T1;EV8 S2D1 m2967;2021-12-01T00:00+01:00;2022-01-01T00:00+01:00;2021;12;4383;3876;4890;100;31;31;0;0;100;3;4013;370;130;110;68;62;58;4
68511V2673383;Tromsøysundtunnelen T1;EV8 S2D1 m2967;2021-12-01T00:00+01:00;2022-01-01T00:00+01:00;2021;12;0;0;0;100;31;31;0;0;-;Totalt i retning Tromsøya;0;0;0;0;0;0;0;0
68511V2673383;Tromsøysundtunnelen T1;EV8 S2D1 m2967;2021-12-01T00:00+01:00;2022-01-01T00:00+01:00;2021;12;5321;4685;5957;100;31;31;0;0;100;Totalt i retning Tomasjord;4860;460;191;128;72;69;65;4
68511V2673383;Tromsøysundtunnelen T1;EV8 S2D1 m2967;2021-12-01T00:00+01:00;2022-01-01T00:00+01:00;2021;12;5321;4685;5957;100;31;31;0;0;100;Totalt;4860;460;191;128;72;69;65;4
68511V2673383;Tromsøysundtunnelen T1;EV8 S2D1 m2967;2022-01-01T00:00+01:00;2022-02-01T00:00+01:00;2022;1;654;531;777;100;31;31;0;1;99,8;1;607;46;39;6;1;0;0;0
68511V2673383;Tromsøysundtunnelen T1;EV8 S2D1 m2967;2022-01-01T00:00+01:00;2022-02-01T00:00+01:00;2022;1;4411;3955;4867;100;31;31;0;1;100;3;3986;423;150;128;73;73;69;4
68511V2673383;Tromsøysundtunnelen T1;EV8 S2D1 m2967;2022-01-01T00:00+01:00;2022-02-01T00:00+01:00;2022;1;2;1;3;100;31;31;0;1;50;Totalt i retning Tromsøya;1;1;0;0;0;0;0;0
68511V2673383;Tromsøysundtunnelen T1;EV8 S2D1 m2967;2022-01-01T00:00+01:00;2022-02-01T00:00+01:00;2022;1;5063;4487;5639;100;31;31;0;1;100;Totalt i retning Tomasjord;4593;469;188;134;73;74;70;4
68511V2673383;Tromsøysundtunnelen T1;EV8 S2D1 m2967;2022-01-01T00:00+01:00;2022-02-01T00:00+01:00;2022;1;5064;4488;5640;100;31;31;0;1;100;Totalt;4593;470;189;134;73;74;70;4
68511V2673383;Tromsøysundtunnelen T1;EV8 S2D1 m2967;2022-02-01T00:00+01:00;2022-03-01T00:00+01:00;2022;2;899;574;1224;100;28;28;0;0;100;1;830;69;52;11;3;4;4;0
68511V2673383;Tromsøysundtunnelen T1;EV8 S2D1 m2967;2022-02-01T00:00+01:00;2022-03-01T00:00+01:00;2022;2;4740;4196;5284;100;28;28;0;1;100;3;4292;447;151;135;82;80;75;5
68511V2673383;Tromsøysundtunnelen T1;EV8 S2D1 m2967;2022-02-01T00:00+01:00;2022-03-01T00:00+01:00;2022;2;0;0;0;100;28;28;0;0;-;Totalt i retning Tromsøya;0;0;0;0;0;0;0;0
68511V2673383;Tromsøysundtunnelen T1;EV8 S2D1 m2967;2022-02-01T00:00+01:00;2022-03-01T00:00+01:00;2022;2;5638;5063;6213;100;28;28;0;0;100;Totalt i retning Tomasjord;5122;516;203;146;84;83;78;5
68511V2673383;Tromsøysundtunnelen T1;EV8 S2D1 m2967;2022-02-01T00:00+01:00;2022-03-01T00:00+01:00;2022;2;5639;5064;6214;100;28;28;0;1;100;Totalt;5122;516;203;146;84;83;78;5
68511V2673383;Tromsøysundtunnelen T1;EV8 S2D1 m2967;2022-03-01T00:00+01:00;2022-04-01T00:00+02:00;2022;3;775;644;906;100;31;31;0;1;99,9;1;720;54;44;8;1;1;1;0
68511V2673383;Tromsøysundtunnelen T1;EV8 S2D1 m2967;2022-03-01T00:00+01:00;2022-04-01T00:00+02:00;2022;3;4937;4507;5367;100;31;31;0;1;100;3;4464;472;163;139;85;85;80;5
68511V2673383;Tromsøysundtunnelen T1;EV8 S2D1 m2967;2022-03-01T00:00+01:00;2022-04-01T00:00+02:00;2022;3;1;0;2;100;31;31;0;0;100;Totalt i retning Tromsøya;0;0;0;0;0;0;0;0
68511V2673383;Tromsøysundtunnelen T1;EV8 S2D1 m2967;2022-03-01T00:00+01:00;2022-04-01T00:00+02:00;2022;3;5711;5156;6266;100;31;31;0;1;100;Totalt i retning Tomasjord;5184;526;207;147;87;86;81;5
68511V2673383;Tromsøysundtunnelen T1;EV8 S2D1 m2967;2022-03-01T00:00+01:00;2022-04-01T00:00+02:00;2022;3;5711;5155;6267;100;31;31;0;0;100;Totalt;5184;526;207;147;87;86;81;5
68511V2673383;Tromsøysundtunnelen T1;EV8 S2D1 m2967;2022-04-01T00:00+02:00;2022-05-01T00:00+02:00;2022;4;662;494;830;100;30;30;0;0;100;1;617;45;37;6;1;1;1;0
68511V2673383;Tromsøysundtunnelen T1;EV8 S2D1 m2967;2022-04-01T00:00+02:00;2022-05-01T00:00+02:00;2022;4;4468;3894;5042;100;30;30;0;0;100;3;4052;415;139;128;74;74;69;5
68511V2673383;Tromsøysundtunnelen T1;EV8 S2D1 m2967;2022-04-01T00:00+02:00;2022-05-01T00:00+02:00;2022;4;0;0;0;100;30;30;0;0;-;Totalt i retning Tromsøya;0;0;0;0;0;0;0;0
68511V2673383;Tromsøysundtunnelen T1;EV8 S2D1 m2967;2022-04-01T00:00+02:00;2022-05-01T00:00+02:00;2022;4;5130;4412;5848;100;30;30;0;0;100;Totalt i retning Tomasjord;4669;460;175;134;76;75;70;5
68511V2673383;Tromsøysundtunnelen T1;EV8 S2D1 m2967;2022-04-01T00:00+02:00;2022-05-01T00:00+02:00;2022;4;5130;4412;5848;100;30;30;0;0;100;Totalt;4669;460;175;134;76;75;70;5
68511V2673383;Tromsøysundtunnelen T1;EV8 S2D1 m2967;2022-05-01T00:00+02:00;2022-06-01T00:00+02:00;2022;5;922;626;1218;100;31;31;0;1;99,9;1;846;75;52;16;3;4;4;0
68511V2673383;Tromsøysundtunnelen T1;EV8 S2D1 m2967;2022-05-01T00:00+02:00;2022-06-01T00:00+02:00;2022;5;4671;4170;5172;100;31;31;0;1;100;3;4187;482;151;164;81;85;80;5
68511V2673383;Tromsøysundtunnelen T1;EV8 S2D1 m2967;2022-05-01T00:00+02:00;2022-06-01T00:00+02:00;2022;5;2;0;4;100;31;31;0;0;100;Totalt i retning Tromsøya;0;1;0;1;0;0;0;0
68511V2673383;Tromsøysundtunnelen T1;EV8 S2D1 m2967;2022-05-01T00:00+02:00;2022-06-01T00:00+02:00;2022;5;5590;4945;6235;100;31;31;0;1;100;Totalt i retning Tomasjord;5033;556;202;179;84;91;85;6
68511V2673383;Tromsøysundtunnelen T1;EV8 S2D1 m2967;2022-05-01T00:00+02:00;2022-06-01T00:00+02:00;2022;5;5592;4946;6238;100;31;31;0;1;100;Totalt;5033;557;202;180;84;91;85;6
68511V2673383;Tromsøysundtunnelen T1;EV8 S2D1 m2967;2022-06-01T00:00+02:00;2022-07-01T00:00+02:00;2022;6;1015;733;1297;100;30;30;0;1;99,9;1;932;83;57;19;3;3;3;0
68511V2673383;Tromsøysundtunnelen T1;EV8 S2D1 m2967;2022-06-01T00:00+02:00;2022-07-01T00:00+02:00;2022;6;5138;4602;5674;100;30;30;0;0;100;3;4525;613;195;225;94;98;93;5
68511V2673383;Tromsøysundtunnelen T1;EV8 S2D1 m2967;2022-06-01T00:00+02:00;2022-07-01T00:00+02:00;2022;6;0;-1;1;100;30;30;0;0;-;Totalt i retning Tromsøya;0;0;0;0;0;0;0;0
68511V2673383;Tromsøysundtunnelen T1;EV8 S2D1 m2967;2022-06-01T00:00+02:00;2022-07-01T00:00+02:00;2022;6;6152;5443;6861;100;30;30;0;0;100;Totalt i retning Tomasjord;5456;696;252;245;98;102;96;6
68511V2673383;Tromsøysundtunnelen T1;EV8 S2D1 m2967;2022-06-01T00:00+02:00;2022-07-01T00:00+02:00;2022;6;6153;5444;6862;100;30;30;0;1;100;Totalt;5457;696;252;245;98;102;96;6
68511V2673383;Tromsøysundtunnelen T1;EV8 S2D1 m2967;2022-07-01T00:00+02:00;2022-08-01T00:00+02:00;2022;7;385;317;453;100;31;31;0;0;100;1;355;30;23;6;0;0;0;0
68511V2673383;Tromsøysundtunnelen T1;EV8 S2D1 m2967;2022-07-01T00:00+02:00;2022-08-01T00:00+02:00;2022;7;3592;3252;3932;100;31;31;0;0;100;3;3170;422;138;156;57;70;65;5
68511V2673383;Tromsøysundtunnelen T1;EV8 S2D1 m2967;2022-07-01T00:00+02:00;2022-08-01T00:00+02:00;2022;7;0;0;0;100;31;31;0;0;-;Totalt i retning Tromsøya;0;0;0;0;0;0;0;0
68511V2673383;Tromsøysundtunnelen T1;EV8 S2D1 m2967;2022-07-01T00:00+02:00;2022-08-01T00:00+02:00;2022;7;3977;3570;4384;100;31;31;0;0;100;Totalt i retning Tomasjord;3525;452;161;162;58;71;66;5
68511V2673383;Tromsøysundtunnelen T1;EV8 S2D1 m2967;2022-07-01T00:00+02:00;2022-08-01T00:00+02:00;2022;7;3977;3570;4384;100;31;31;0;0;100;Totalt;3525;452;161;162;58;71;66;5
68511V2673383;Tromsøysundtunnelen T1;EV8 S2D1 m2967;2022-08-01T00:00+02:00;2022-09-01T00:00+02:00;2022;8;753;611;895;100;31;31;0;0;100;1;693;60;42;14;1;2;2;0
68511V2673383;Tromsøysundtunnelen T1;EV8 S2D1 m2967;2022-08-01T00:00+02:00;2022-09-01T00:00+02:00;2022;8;4641;4190;5092;100;31;31;0;0;100;3;4114;526;172;196;72;86;81;5
68511V2673383;Tromsøysundtunnelen T1;EV8 S2D1 m2967;2022-08-01T00:00+02:00;2022-09-01T00:00+02:00;2022;8;0;0;0;100;31;31;0;0;-;Totalt i retning Tromsøya;-;-;-;-;-;-;-;-
68511V2673383;Tromsøysundtunnelen T1;EV8 S2D1 m2967;2022-08-01T00:00+02:00;2022-09-01T00:00+02:00;2022;8;5394;4817;5971;100;31;31;0;0;100;Totalt i retning Tomasjord;4808;586;214;211;73;88;83;5
68511V2673383;Tromsøysundtunnelen T1;EV8 S2D1 m2967;2022-08-01T00:00+02:00;2022-09-01T00:00+02:00;2022;8;5394;4817;5971;100;31;31;0;0;100;Totalt;4808;586;214;211;73;88;83;5
68511V2673383;Tromsøysundtunnelen T1;EV8 S2D1 m2967;2022-09-01T00:00+02:00;2022-10-01T00:00+02:00;2022;9;828;691;965;100;30;30;0;0;100;1;772;55;43;10;1;1;1;0
68511V2673383;Tromsøysundtunnelen T1;EV8 S2D1 m2967;2022-09-01T00:00+02:00;2022-10-01T00:00+02:00;2022;9;5067;4615;5519;100;30;30;0;1;100;3;4482;585;200;207;87;91;86;5
68511V2673383;Tromsøysundtunnelen T1;EV8 S2D1 m2967;2022-09-01T00:00+02:00;2022-10-01T00:00+02:00;2022;9;0;0;0;100;30;30;0;0;-;Totalt i retning Tromsøya;-;-;-;-;-;-;-;-
68511V2673383;Tromsøysundtunnelen T1;EV8 S2D1 m2967;2022-09-01T00:00+02:00;2022-10-01T00:00+02:00;2022;9;5894;5307;6481;100;30;30;0;0;100;Totalt i retning Tomasjord;5254;640;243;217;88;91;86;5
68511V2673383;Tromsøysundtunnelen T1;EV8 S2D1 m2967;2022-09-01T00:00+02:00;2022-10-01T00:00+02:00;2022;9;5894;5307;6481;100;30;30;0;0;100;Totalt;5254;640;243;217;88;91;86;5
68511V2673383;Tromsøysundtunnelen T1;EV8 S2D1 m2967;2022-10-01T00:00+02:00;2022-11-01T00:00+01:00;2022;10;871;637;1105;100;31;31;0;1;99,9;1;801;70;51;14;2;2;2;0
68511V2673383;Tromsøysundtunnelen T1;EV8 S2D1 m2967;2022-10-01T00:00+02:00;2022-11-01T00:00+01:00;2022;10;4697;4248;5146;100;31;31;0;1;100;3;4194;501;163;176;79;84;79;5
68511V2673383;Tromsøysundtunnelen T1;EV8 S2D1 m2967;2022-10-01T00:00+02:00;2022-11-01T00:00+01:00;2022;10;1;-1;3;100;31;31;0;1;0;Totalt i retning Tromsøya;-;-;-;-;-;-;-;-
68511V2673383;Tromsøysundtunnelen T1;EV8 S2D1 m2967;2022-10-01T00:00+02:00;2022-11-01T00:00+01:00;2022;10;5566;4987;6145;100;31;31;0;1;100;Totalt i retning Tomasjord;4995;570;213;190;81;86;81;5
68511V2673383;Tromsøysundtunnelen T1;EV8 S2D1 m2967;2022-10-01T00:00+02:00;2022-11-01T00:00+01:00;2022;10;5567;4988;6146;100;31;31;0;1;100;Totalt;4995;571;213;191;81;86;81;5
68511V2673383;Tromsøysundtunnelen T1;EV8 S2D1 m2967;2022-11-01T00:00+01:00;2022-12-01T00:00+01:00;2022;11;745;614;876;100;30;30;0;0;100;1;698;47;40;5;1;0;0;0
68511V2673383;Tromsøysundtunnelen T1;EV8 S2D1 m2967;2022-11-01T00:00+01:00;2022-12-01T00:00+01:00;2022;11;4942;4483;5401;100;30;30;0;0;100;3;4405;537;194;170;82;90;85;5
68511V2673383;Tromsøysundtunnelen T1;EV8 S2D1 m2967;2022-11-01T00:00+01:00;2022-12-01T00:00+01:00;2022;11;0;0;0;100;30;30;0;0;-;Totalt i retning Tromsøya;-;-;-;-;-;-;-;-
68511V2673383;Tromsøysundtunnelen T1;EV8 S2D1 m2967;2022-11-01T00:00+01:00;2022-12-01T00:00+01:00;2022;11;5687;5115;6259;100;30;30;0;1;100;Totalt i retning Tomasjord;5103;583;234;175;83;90;85;5
68511V2673383;Tromsøysundtunnelen T1;EV8 S2D1 m2967;2022-11-01T00:00+01:00;2022-12-01T00:00+01:00;2022;11;5687;5115;6259;100;30;30;0;1;100;Totalt;5103;583;234;175;83;90;85;5
68511V2673383;Tromsøysundtunnelen T1;EV8 S2D1 m2967;2022-12-01T00:00+01:00;2023-01-01T00:00+01:00;2022;12;718;518;918;100;31;31;0;0;100;1;669;49;39;7;2;1;1;0
68511V2673383;Tromsøysundtunnelen T1;EV8 S2D1 m2967;2022-12-01T00:00+01:00;2023-01-01T00:00+01:00;2022;12;4343;3874;4812;100;31;31;0;0;100;3;3952;391;134;116;70;70;66;4
68511V2673383;Tromsøysundtunnelen T1;EV8 S2D1 m2967;2022-12-01T00:00+01:00;2023-01-01T00:00+01:00;2022;12;0;0;0;100;31;31;0;0;-;Totalt i retning Tromsøya;-;-;-;-;-;-;-;-
68511V2673383;Tromsøysundtunnelen T1;EV8 S2D1 m2967;2022-12-01T00:00+01:00;2023-01-01T00:00+01:00;2022;12;5061;4473;5649;100;31;31;0;0;100;Totalt i retning Tomasjord;4621;440;173;123;72;72;67;5
68511V2673383;Tromsøysundtunnelen T1;EV8 S2D1 m2967;2022-12-01T00:00+01:00;2023-01-01T00:00+01:00;2022;12;5062;4474;5650;100;31;31;0;1;100;Totalt;4621;440;173;123;72;72;67;5
68511V2673383;Tromsøysundtunnelen T1;EV8 S2D1 m2967;2023-01-01T00:00+01:00;2023-02-01T00:00+01:00;2023;1;692;519;865;100;31;31;0;1;99,9;1;626;66;47;13;2;3;3;0
68511V2673383;Tromsøysundtunnelen T1;EV8 S2D1 m2967;2023-01-01T00:00+01:00;2023-02-01T00:00+01:00;2023;1;4102;3726;4478;100;31;31;0;1;100;3;3686;415;135;123;80;78;73;5
68511V2673383;Tromsøysundtunnelen T1;EV8 S2D1 m2967;2023-01-01T00:00+01:00;2023-02-01T00:00+01:00;2023;1;1;-1;3;100;31;31;0;1;0;Totalt i retning Tromsøya;-;-;-;-;-;-;-;-
68511V2673383;Tromsøysundtunnelen T1;EV8 S2D1 m2967;2023-01-01T00:00+01:00;2023-02-01T00:00+01:00;2023;1;4793;4312;5274;100;31;31;0;1;100;Totalt i retning Tomasjord;4312;480;182;135;82;81;76;5
68511V2673383;Tromsøysundtunnelen T1;EV8 S2D1 m2967;2023-01-01T00:00+01:00;2023-02-01T00:00+01:00;2023;1;4794;4313;5275;100;31;31;0;1;100;Totalt;4312;481;182;136;82;81;76;5
68511V2673383;Tromsøysundtunnelen T1;EV8 S2D1 m2967;2023-02-01T00:00+01:00;2023-03-01T00:00+01:00;2023;2;732;489;975;100;28;28;0;0;100;1;662;69;50;12;3;4;4;0
68511V2673383;Tromsøysundtunnelen T1;EV8 S2D1 m2967;2023-02-01T00:00+01:00;2023-03-01T00:00+01:00;2023;2;3974;3570;4378;100;28;28;0;1;100;3;3570;403;131;120;77;74;70;4
68511V2673383;Tromsøysundtunnelen T1;EV8 S2D1 m2967;2023-02-01T00:00+01:00;2023-03-01T00:00+01:00;2023;2;0;0;0;100;28;28;0;0;-;Totalt i retning Tromsøya;-;-;-;-;-;-;-;-
68511V2673383;Tromsøysundtunnelen T1;EV8 S2D1 m2967;2023-02-01T00:00+01:00;2023-03-01T00:00+01:00;2023;2;4705;4218;5192;100;28;28;0;0;100;Totalt i retning Tomasjord;4233;472;181;132;80;79;74;5
68511V2673383;Tromsøysundtunnelen T1;EV8 S2D1 m2967;2023-02-01T00:00+01:00;2023-03-01T00:00+01:00;2023;2;4705;4218;5192;100;28;28;0;0;100;Totalt;4233;472;181;132;80;79;74;5
68511V2673383;Tromsøysundtunnelen T1;EV8 S2D1 m2967;2023-03-01T00:00+01:00;2023-04-01T00:00+02:00;2023;3;646;542;750;100;31;31;0;0;100;1;598;48;40;6;1;1;1;0
68511V2673383;Tromsøysundtunnelen T1;EV8 S2D1 m2967;2023-03-01T00:00+01:00;2023-04-01T00:00+02:00;2023;3;4399;4051;4747;100;31;31;0;0;100;3;3929;470;156;140;87;86;81;5
68511V2673383;Tromsøysundtunnelen T1;EV8 S2D1 m2967;2023-03-01T00:00+01:00;2023-04-01T00:00+02:00;2023;3;0;0;0;100;31;31;0;0;-;Totalt i retning Tromsøya;-;-;-;-;-;-;-;-
68511V2673383;Tromsøysundtunnelen T1;EV8 S2D1 m2967;2023-03-01T00:00+01:00;2023-04-01T00:00+02:00;2023;3;5044;4595;5493;100;31;31;0;0;100;Totalt i retning Tomasjord;4527;517;196;147;88;87;82;5
68511V2673383;Tromsøysundtunnelen T1;EV8 S2D1 m2967;2023-03-01T00:00+01:00;2023-04-01T00:00+02:00;2023;3;5045;4596;5494;100;31;31;0;0;100;Totalt;4527;518;196;147;88;87;82;5
68511V2673383;Tromsøysundtunnelen T1;EV8 S2D1 m2967;2023-04-01T00:00+02:00;2023-05-01T00:00+02:00;2023;4;544;387;701;100;30;30;0;0;100;1;499;45;35;8;1;1;1;0
68511V2673383;Tromsøysundtunnelen T1;EV8 S2D1 m2967;2023-04-01T00:00+02:00;2023-05-01T00:00+02:00;2023;4;3888;3394;4382;100;30;30;0;0;100;3;3522;365;116;116;65;67;63;4
68511V2673383;Tromsøysundtunnelen T1;EV8 S2D1 m2967;2023-04-01T00:00+02:00;2023-05-01T00:00+02:00;2023;4;1;0;2;100;30;30;0;1;0;Totalt i retning Tromsøya;-;-;-;-;-;-;-;-
68511V2673383;Tromsøysundtunnelen T1;EV8 S2D1 m2967;2023-04-01T00:00+02:00;2023-05-01T00:00+02:00;2023;4;4431;3808;5054;100;30;30;0;0;100;Totalt i retning Tomasjord;4021;410;151;124;66;70;65;5
68511V2673383;Tromsøysundtunnelen T1;EV8 S2D1 m2967;2023-04-01T00:00+02:00;2023-05-01T00:00+02:00;2023;4;4432;3809;5055;100;30;30;0;1;100;Totalt;4021;410;151;124;66;70;65;5
79743V1125914;TROMSØBRUA;FV862 S1D1 m1705;2021-10-01T00:00+02:00;2021-11-01T00:00+01:00;2021;10;9605;8772;10438;29;31;9;1;11;99,9;1;9094;501;122;108;254;16;15;1
79743V1125914;TROMSØBRUA;FV862 S1D1 m1705;2021-10-01T00:00+02:00;2021-11-01T00:00+01:00;2021;10;9466;8554;10378;29;31;9;1;1;100;2;8593;872;371;188;256;57;57;0
79743V1125914;TROMSØBRUA;FV862 S1D1 m1705;2021-10-01T00:00+02:00;2021-11-01T00:00+01:00;2021;10;9469;8556;10382;29;31;9;1;1;100;Totalt i retning TROMSDALEN;8593;875;371;189;257;58;58;0
79743V1125914;TROMSØBRUA;FV862 S1D1 m1705;2021-10-01T00:00+02:00;2021-11-01T00:00+01:00;2021;10;9601;8769;10433;29;31;9;1;10;99,9;Totalt i retning TROMSØYA;9093;498;122;107;253;16;15;1
79743V1125914;TROMSØBRUA;FV862 S1D1 m1705;2021-10-01T00:00+02:00;2021-11-01T00:00+01:00;2021;10;19070;17328;20812;29;31;9;1;11;99,9;Totalt;17686;1373;493;296;510;73;72;1
79743V1125914;TROMSØBRUA;FV862 S1D1 m1705;2021-11-01T00:00+01:00;2021-12-01T00:00+01:00;2021;11;9679;9244;10114;100;30;30;0;13;99,9;1;9120;546;137;117;275;17;16;1
79743V1125914;TROMSØBRUA;FV862 S1D1 m1705;2021-11-01T00:00+01:00;2021-12-01T00:00+01:00;2021;11;9497;9046;9948;100;30;30;0;3;100;2;8528;965;431;196;277;63;62;1
79743V1125914;TROMSØBRUA;FV862 S1D1 m1705;2021-11-01T00:00+01:00;2021-12-01T00:00+01:00;2021;11;9507;9054;9960;100;30;30;0;3;100;Totalt i retning TROMSDALEN;8536;968;432;197;278;63;62;1
79743V1125914;TROMSØBRUA;FV862 S1D1 m1705;2021-11-01T00:00+01:00;2021-12-01T00:00+01:00;2021;11;9669;9236;10102;100;30;30;0;13;99,9;Totalt i retning TROMSØYA;9113;543;136;116;274;17;16;1
79743V1125914;TROMSØBRUA;FV862 S1D1 m1705;2021-11-01T00:00+01:00;2021-12-01T00:00+01:00;2021;11;19175;18292;20058;100;30;30;0;15;99,9;Totalt;17648;1512;568;313;552;80;78;2
79743V1125914;TROMSØBRUA;FV862 S1D1 m1705;2021-12-01T00:00+01:00;2022-01-01T00:00+01:00;2021;12;9140;8451;9829;100;31;31;0;8;99,9;1;8660;471;110;90;259;12;11;1
79743V1125914;TROMSØBRUA;FV862 S1D1 m1705;2021-12-01T00:00+01:00;2022-01-01T00:00+01:00;2021;12;8995;8326;9664;100;31;31;0;2;100;2;8179;815;357;149;264;44;44;0
79743V1125914;TROMSØBRUA;FV862 S1D1 m1705;2021-12-01T00:00+01:00;2022-01-01T00:00+01:00;2021;12;8999;8329;9669;100;31;31;0;2;100;Totalt i retning TROMSDALEN;8180;817;358;150;265;44;44;0
79743V1125914;TROMSØBRUA;FV862 S1D1 m1705;2021-12-01T00:00+01:00;2022-01-01T00:00+01:00;2021;12;9136;8448;9824;100;31;31;0;9;99,9;Totalt i retning TROMSØYA;8659;469;109;89;259;12;11;1
79743V1125914;TROMSØBRUA;FV862 S1D1 m1705;2021-12-01T00:00+01:00;2022-01-01T00:00+01:00;2021;12;18135;16778;19492;100;31;31;0;10;99,9;Totalt;16839;1286;467;239;524;56;55;1
79743V1125914;TROMSØBRUA;FV862 S1D1 m1705;2022-01-01T00:00+01:00;2022-02-01T00:00+01:00;2022;1;8347;7867;8827;100;31;31;0;9;99,9;1;7844;494;108;96;278;12;11;1
79743V1125914;TROMSØBRUA;FV862 S1D1 m1705;2022-01-01T00:00+01:00;2022-02-01T00:00+01:00;2022;1;8169;7661;8677;100;31;31;0;2;100;2;7307;860;379;153;287;40;40;0
79743V1125914;TROMSØBRUA;FV862 S1D1 m1705;2022-01-01T00:00+01:00;2022-02-01T00:00+01:00;2022;1;8174;7665;8683;100;31;31;0;2;100;Totalt i retning TROMSDALEN;7310;862;380;153;288;40;40;0
79743V1125914;TROMSØBRUA;FV862 S1D1 m1705;2022-01-01T00:00+01:00;2022-02-01T00:00+01:00;2022;1;8343;7864;8822;100;31;31;0;10;99,9;Totalt i retning TROMSØYA;7842;492;106;95;278;12;11;1
79743V1125914;TROMSØBRUA;FV862 S1D1 m1705;2022-01-01T00:00+01:00;2022-02-01T00:00+01:00;2022;1;16517;15531;17503;100;31;31;0;12;99,9;Totalt;15152;1354;487;249;565;52;51;1
79743V1125914;TROMSØBRUA;FV862 S1D1 m1705;2022-02-01T00:00+01:00;2022-03-01T00:00+01:00;2022;2;9101;8727;9475;100;28;28;0;11;99,9;1;8549;541;123;107;294;17;16;1
79743V1125914;TROMSØBRUA;FV862 S1D1 m1705;2022-02-01T00:00+01:00;2022-03-01T00:00+01:00;2022;2;8900;8506;9294;100;28;28;0;4;100;2;7966;930;416;164;304;46;46;0
79743V1125914;TROMSØBRUA;FV862 S1D1 m1705;2022-02-01T00:00+01:00;2022-03-01T00:00+01:00;2022;2;8907;8512;9302;100;28;28;0;4;100;Totalt i retning TROMSDALEN;7969;934;418;165;304;47;47;0
79743V1125914;TROMSØBRUA;FV862 S1D1 m1705;2022-02-01T00:00+01:00;2022-03-01T00:00+01:00;2022;2;9095;8721;9469;100;28;28;0;12;99,9;Totalt i retning TROMSØYA;8546;538;121;106;294;16;15;1
79743V1125914;TROMSØBRUA;FV862 S1D1 m1705;2022-02-01T00:00+01:00;2022-03-01T00:00+01:00;2022;2;18001;17236;18766;100;28;28;0;15;99,9;Totalt;16515;1472;539;271;598;64;62;2
79743V1125914;TROMSØBRUA;FV862 S1D1 m1705;2022-03-01T00:00+01:00;2022-04-01T00:00+02:00;2022;3;9450;9138;9762;100;31;31;0;12;99,9;1;8874;565;136;113;298;18;17;1
79743V1125914;TROMSØBRUA;FV862 S1D1 m1705;2022-03-01T00:00+01:00;2022-04-01T00:00+02:00;2022;3;9297;8964;9630;100;31;31;0;2;100;2;8311;984;452;173;305;54;54;0
79743V1125914;TROMSØBRUA;FV862 S1D1 m1705;2022-03-01T00:00+01:00;2022-04-01T00:00+02:00;2022;3;9301;8967;9635;100;31;31;0;2;100;Totalt i retning TROMSDALEN;8313;986;453;174;305;54;54;0
79743V1125914;TROMSØBRUA;FV862 S1D1 m1705;2022-03-01T00:00+01:00;2022-04-01T00:00+02:00;2022;3;9446;9134;9758;100;31;31;0;12;99,9;Totalt i retning TROMSØYA;8872;562;134;113;298;18;17;1
79743V1125914;TROMSØBRUA;FV862 S1D1 m1705;2022-03-01T00:00+01:00;2022-04-01T00:00+02:00;2022;3;18747;18108;19386;100;31;31;0;14;99,9;Totalt;17185;1548;587;286;602;72;71;1
79743V1125914;TROMSØBRUA;FV862 S1D1 m1705;2022-04-01T00:00+02:00;2022-05-01T00:00+02:00;2022;4;9061;8438;9684;100;30;30;0;9;99,9;1;8537;516;123;115;263;15;14;1
79743V1125914;TROMSØBRUA;FV862 S1D1 m1705;2022-04-01T00:00+02:00;2022-05-01T00:00+02:00;2022;4;8928;8250;9606;100;30;30;0;2;100;2;8048;878;399;163;268;48;48;0
79743V1125914;TROMSØBRUA;FV862 S1D1 m1705;2022-04-01T00:00+02:00;2022-05-01T00:00+02:00;2022;4;8931;8253;9609;100;30;30;0;2;100;Totalt i retning TROMSDALEN;8049;880;400;164;269;48;48;0
79743V1125914;TROMSØBRUA;FV862 S1D1 m1705;2022-04-01T00:00+02:00;2022-05-01T00:00+02:00;2022;4;9058;8435;9681;100;30;30;0;9;99,9;Totalt i retning TROMSØYA;8536;514;122;115;262;15;14;1
79743V1125914;TROMSØBRUA;FV862 S1D1 m1705;2022-04-01T00:00+02:00;2022-05-01T00:00+02:00;2022;4;17989;16707;19271;100;30;30;0;11;99,9;Totalt;16585;1394;522;278;530;63;62;1
79743V1125914;TROMSØBRUA;FV862 S1D1 m1705;2022-05-01T00:00+02:00;2022-06-01T00:00+02:00;2022;5;9862;9339;10385;100;31;31;0;12;99,9;1;9242;607;172;141;275;20;19;1
79743V1125914;TROMSØBRUA;FV862 S1D1 m1705;2022-05-01T00:00+02:00;2022-06-01T00:00+02:00;2022;5;9785;9219;10351;100;31;31;0;5;99,9;2;8759;1022;472;212;283;54;54;0
79743V1125914;TROMSØBRUA;FV862 S1D1 m1705;2022-05-01T00:00+02:00;2022-06-01T00:00+02:00;2022;5;9796;9230;10362;100;31;31;0;5;99,9;Totalt i retning TROMSDALEN;8766;1025;473;213;284;54;54;0
79743V1125914;TROMSØBRUA;FV862 S1D1 m1705;2022-05-01T00:00+02:00;2022-06-01T00:00+02:00;2022;5;9851;9328;10374;100;31;31;0;12;99,9;Totalt i retning TROMSØYA;9236;604;171;140;274;19;18;1
79743V1125914;TROMSØBRUA;FV862 S1D1 m1705;2022-05-01T00:00+02:00;2022-06-01T00:00+02:00;2022;5;19647;18563;20731;100;31;31;0;17;99,9;Totalt;18001;1629;644;353;558;74;73;1
79743V1125914;TROMSØBRUA;FV862 S1D1 m1705;2022-06-01T00:00+02:00;2022-07-01T00:00+02:00;2022;6;10248;9777;10719;100;30;30;0;16;99,8;1;9532;700;229;176;274;22;21;1
79743V1125914;TROMSØBRUA;FV862 S1D1 m1705;2022-06-01T00:00+02:00;2022-07-01T00:00+02:00;2022;6;10155;9642;10668;100;30;30;0;8;99,9;2;8976;1171;557;259;297;59;58;1
79743V1125914;TROMSØBRUA;FV862 S1D1 m1705;2022-06-01T00:00+02:00;2022-07-01T00:00+02:00;2022;6;10160;9646;10674;100;30;30;0;9;99,9;Totalt i retning TROMSDALEN;8978;1173;558;260;297;59;58;1
79743V1125914;TROMSØBRUA;FV862 S1D1 m1705;2022-06-01T00:00+02:00;2022-07-01T00:00+02:00;2022;6;10244;9774;10714;100;30;30;0;16;99,8;Totalt i retning TROMSØYA;9530;698;227;175;274;22;21;1
79743V1125914;TROMSØBRUA;FV862 S1D1 m1705;2022-06-01T00:00+02:00;2022-07-01T00:00+02:00;2022;6;20403;19425;21381;100;30;30;0;24;99,9;Totalt;18508;1871;786;435;571;80;78;2
79743V1125914;TROMSØBRUA;FV862 S1D1 m1705;2022-07-01T00:00+02:00;2022-08-01T00:00+02:00;2022;7;8300;7967;8633;100;31;31;0;9;99,9;1;7712;579;192;146;230;11;10;1
79743V1125914;TROMSØBRUA;FV862 S1D1 m1705;2022-07-01T00:00+02:00;2022-08-01T00:00+02:00;2022;7;8311;7908;8714;100;31;31;0;2;100;2;7385;924;408;223;249;43;43;0
79743V1125914;TROMSØBRUA;FV862 S1D1 m1705;2022-07-01T00:00+02:00;2022-08-01T00:00+02:00;2022;7;8317;7913;8721;100;31;31;0;2;100;Totalt i retning TROMSDALEN;7387;928;409;225;250;43;43;0
79743V1125914;TROMSØBRUA;FV862 S1D1 m1705;2022-07-01T00:00+02:00;2022-08-01T00:00+02:00;2022;7;8294;7961;8627;100;31;31;0;8;99,9;Totalt i retning TROMSØYA;7710;575;191;144;230;11;10;1
79743V1125914;TROMSØBRUA;FV862 S1D1 m1705;2022-07-01T00:00+02:00;2022-08-01T00:00+02:00;2022;7;16611;15883;17339;100;31;31;0;11;99,9;Totalt;15097;1503;600;369;480;54;53;1
79743V1125914;TROMSØBRUA;FV862 S1D1 m1705;2022-08-01T00:00+02:00;2022-09-01T00:00+02:00;2022;8;9783;9398;10168;100;31;31;0;10;99,9;1;9175;598;186;157;241;14;13;1
79743V1125914;TROMSØBRUA;FV862 S1D1 m1705;2022-08-01T00:00+02:00;2022-09-01T00:00+02:00;2022;8;9576;9160;9992;100;31;31;0;2;100;2;8582;992;440;238;262;52;52;0
79743V1125914;TROMSØBRUA;FV862 S1D1 m1705;2022-08-01T00:00+02:00;2022-09-01T00:00+02:00;2022;8;9581;9165;9997;100;31;31;0;2;100;Totalt i retning TROMSDALEN;8584;995;441;239;262;52;52;0
79743V1125914;TROMSØBRUA;FV862 S1D1 m1705;2022-08-01T00:00+02:00;2022-09-01T00:00+02:00;2022;8;9778;9394;10162;100;31;31;0;10;99,9;Totalt i retning TROMSØYA;9173;594;185;155;241;14;13;1
79743V1125914;TROMSØBRUA;FV862 S1D1 m1705;2022-08-01T00:00+02:00;2022-09-01T00:00+02:00;2022;8;19359;18564;20154;100;31;31;0;13;99,9;Totalt;17757;1589;626;394;503;65;64;1
79743V1125914;TROMSØBRUA;FV862 S1D1 m1705;2022-09-01T00:00+02:00;2022-10-01T00:00+02:00;2022;9;10062;9767;10357;100;30;30;0;12;99,9;1;9437;612;169;158;269;15;14;1
79743V1125914;TROMSØBRUA;FV862 S1D1 m1705;2022-09-01T00:00+02:00;2022-10-01T00:00+02:00;2022;9;9943;9572;10314;100;30;30;0;3;100;2;8892;1048;441;252;293;62;61;1
79743V1125914;TROMSØBRUA;FV862 S1D1 m1705;2022-09-01T00:00+02:00;2022-10-01T00:00+02:00;2022;9;9950;9578;10322;100;30;30;0;4;100;Totalt i retning TROMSDALEN;8894;1052;443;254;293;62;61;1
79743V1125914;TROMSØBRUA;FV862 S1D1 m1705;2022-09-01T00:00+02:00;2022-10-01T00:00+02:00;2022;9;10056;9762;10350;100;30;30;0;13;99,9;Totalt i retning TROMSØYA;9436;607;167;156;269;15;14;1
79743V1125914;TROMSØBRUA;FV862 S1D1 m1705;2022-09-01T00:00+02:00;2022-10-01T00:00+02:00;2022;9;20005;19347;20663;100;30;30;0;16;99,9;Totalt;18329;1660;611;410;562;77;75;2
79743V1125914;TROMSØBRUA;FV862 S1D1 m1705;2022-10-01T00:00+02:00;2022-11-01T00:00+01:00;2022;10;9562;9188;9936;100;31;31;0;11;99,9;1;9013;538;138;128;259;13;12;1
79743V1125914;TROMSØBRUA;FV862 S1D1 m1705;2022-10-01T00:00+02:00;2022-11-01T00:00+01:00;2022;10;9416;8983;9849;100;31;31;0;3;100;2;8466;947;407;207;282;51;50;1
79743V1125914;TROMSØBRUA;FV862 S1D1 m1705;2022-10-01T00:00+02:00;2022-11-01T00:00+01:00;2022;10;9423;8989;9857;100;31;31;0;3;100;Totalt i retning TROMSDALEN;8468;952;409;209;282;52;51;1
79743V1125914;TROMSØBRUA;FV862 S1D1 m1705;2022-10-01T00:00+02:00;2022-11-01T00:00+01:00;2022;10;9555;9182;9928;100;31;31;0;11;99,9;Totalt i retning TROMSØYA;9011;533;136;126;259;13;12;1
79743V1125914;TROMSØBRUA;FV862 S1D1 m1705;2022-10-01T00:00+02:00;2022-11-01T00:00+01:00;2022;10;18978;18176;19780;100;31;31;0;14;99,9;Totalt;17480;1485;545;335;541;65;63;2
79743V1125914;TROMSØBRUA;FV862 S1D1 m1705;2022-11-01T00:00+01:00;2022-12-01T00:00+01:00;2022;11;9446;9104;9788;100;30;30;0;9;99,9;1;8912;525;130;114;269;13;12;1
79743V1125914;TROMSØBRUA;FV862 S1D1 m1705;2022-11-01T00:00+01:00;2022-12-01T00:00+01:00;2022;11;9268;8916;9620;100;30;30;0;2;100;2;8354;912;392;182;293;45;45;0
79743V1125914;TROMSØBRUA;FV862 S1D1 m1705;2022-11-01T00:00+01:00;2022-12-01T00:00+01:00;2022;11;9273;8920;9626;100;30;30;0;2;100;Totalt i retning TROMSDALEN;8355;916;394;184;293;45;45;0
79743V1125914;TROMSØBRUA;FV862 S1D1 m1705;2022-11-01T00:00+01:00;2022-12-01T00:00+01:00;2022;11;9441;9099;9783;100;30;30;0;9;99,9;Totalt i retning TROMSØYA;8910;521;128;112;268;13;12;1
79743V1125914;TROMSØBRUA;FV862 S1D1 m1705;2022-11-01T00:00+01:00;2022-12-01T00:00+01:00;2022;11;18715;18023;19407;100;30;30;0;12;99,9;Totalt;17265;1438;522;296;562;58;57;1
79743V1125914;TROMSØBRUA;FV862 S1D1 m1705;2022-12-01T00:00+01:00;2023-01-01T00:00+01:00;2022;12;9009;8395;9623;100;31;31;0;9;99,9;1;8515;485;117;98;260;11;10;1
79743V1125914;TROMSØBRUA;FV862 S1D1 m1705;2022-12-01T00:00+01:00;2023-01-01T00:00+01:00;2022;12;8901;8285;9517;100;31;31;0;7;99,9;2;8090;804;327;154;287;36;36;0
79743V1125914;TROMSØBRUA;FV862 S1D1 m1705;2022-12-01T00:00+01:00;2023-01-01T00:00+01:00;2022;12;8925;8309;9541;100;31;31;0;7;99,9;Totalt i retning TROMSDALEN;8109;809;329;155;287;36;36;0
79743V1125914;TROMSØBRUA;FV862 S1D1 m1705;2022-12-01T00:00+01:00;2023-01-01T00:00+01:00;2022;12;8986;8373;9599;100;31;31;0;9;99,9;Totalt i retning TROMSØYA;8496;481;114;97;259;11;10;1
79743V1125914;TROMSØBRUA;FV862 S1D1 m1705;2022-12-01T00:00+01:00;2023-01-01T00:00+01:00;2022;12;17911;16684;19138;100;31;31;0;17;99,9;Totalt;16605;1289;444;252;546;47;46;1
79743V1125914;TROMSØBRUA;FV862 S1D1 m1705;2023-01-01T00:00+01:00;2023-02-01T00:00+01:00;2023;1;7753;7442;8064;100;31;31;0;11;99,9;1;7232;510;114;102;282;12;11;1
79743V1125914;TROMSØBRUA;FV862 S1D1 m1705;2023-01-01T00:00+01:00;2023-02-01T00:00+01:00;2023;1;7666;7315;8017;100;31;31;0;2;100;2;6826;838;329;163;309;36;36;0
79743V1125914;TROMSØBRUA;FV862 S1D1 m1705;2023-01-01T00:00+01:00;2023-02-01T00:00+01:00;2023;1;7673;7321;8025;100;31;31;0;3;100;Totalt i retning TROMSDALEN;6829;841;331;164;310;36;36;0
79743V1125914;TROMSØBRUA;FV862 S1D1 m1705;2023-01-01T00:00+01:00;2023-02-01T00:00+01:00;2023;1;7746;7436;8056;100;31;31;0;10;99,9;Totalt i retning TROMSØYA;7230;506;113;100;281;12;11;1
79743V1125914;TROMSØBRUA;FV862 S1D1 m1705;2023-01-01T00:00+01:00;2023-02-01T00:00+01:00;2023;1;15419;14763;16075;100;31;31;0;13;99,9;Totalt;14058;1347;444;265;591;48;47;1
79743V1125914;TROMSØBRUA;FV862 S1D1 m1705;2023-02-01T00:00+01:00;2023-03-01T00:00+01:00;2023;2;8290;7937;8643;100;28;28;0;12;99,9;1;7727;551;127;114;297;13;12;1
79743V1125914;TROMSØBRUA;FV862 S1D1 m1705;2023-02-01T00:00+01:00;2023-03-01T00:00+01:00;2023;2;8325;7854;8796;100;28;28;0;4;100;2;7394;927;367;180;330;51;50;1
79743V1125914;TROMSØBRUA;FV862 S1D1 m1705;2023-02-01T00:00+01:00;2023-03-01T00:00+01:00;2023;2;8350;7889;8811;100;28;28;0;3;100;Totalt i retning TROMSDALEN;7416;931;369;181;331;51;50;1
79743V1125914;TROMSØBRUA;FV862 S1D1 m1705;2023-02-01T00:00+01:00;2023-03-01T00:00+01:00;2023;2;8264;7901;8627;100;28;28;0;12;99,9;Totalt i retning TROMSØYA;7705;547;125;113;296;13;12;1
79743V1125914;TROMSØBRUA;FV862 S1D1 m1705;2023-02-01T00:00+01:00;2023-03-01T00:00+01:00;2023;2;16614;15809;17419;100;28;28;0;15;99,9;Totalt;15121;1478;494;294;627;63;61;2
79743V1125914;TROMSØBRUA;FV862 S1D1 m1705;2023-03-01T00:00+01:00;2023-04-01T00:00+02:00;2023;3;8412;8104;8720;100;31;31;0;15;99,8;1;7833;564;129;117;303;15;14;1
79743V1125914;TROMSØBRUA;FV862 S1D1 m1705;2023-03-01T00:00+01:00;2023-04-01T00:00+02:00;2023;3;8327;7979;8675;100;31;31;0;9;99,9;2;7417;901;360;172;325;43;43;0
79743V1125914;TROMSØBRUA;FV862 S1D1 m1705;2023-03-01T00:00+01:00;2023-04-01T00:00+02:00;2023;3;8332;7984;8680;100;31;31;0;8;99,9;Totalt i retning TROMSDALEN;7419;905;362;173;326;43;43;0
79743V1125914;TROMSØBRUA;FV862 S1D1 m1705;2023-03-01T00:00+01:00;2023-04-01T00:00+02:00;2023;3;8406;8098;8714;100;31;31;0;15;99,8;Totalt i retning TROMSØYA;7831;560;127;116;303;15;14;1
79743V1125914;TROMSØBRUA;FV862 S1D1 m1705;2023-03-01T00:00+01:00;2023-04-01T00:00+02:00;2023;3;16739;16091;17387;100;31;31;0;24;99,9;Totalt;15250;1465;489;289;629;59;57;2
79743V1125914;TROMSØBRUA;FV862 S1D1 m1705;2023-04-01T00:00+02:00;2023-05-01T00:00+02:00;2023;4;8022;7432;8612;100;30;30;0;11;99,9;1;7542;469;109;100;247;11;11;0
79743V1125914;TROMSØBRUA;FV862 S1D1 m1705;2023-04-01T00:00+02:00;2023-05-01T00:00+02:00;2023;4;7917;7302;8532;100;30;30;0;3;100;2;7151;763;317;145;260;41;41;0
79743V1125914;TROMSØBRUA;FV862 S1D1 m1705;2023-04-01T00:00+02:00;2023-05-01T00:00+02:00;2023;4;7923;7307;8539;100;30;30;0;3;100;Totalt i retning TROMSDALEN;7153;767;318;147;260;41;41;0
79743V1125914;TROMSØBRUA;FV862 S1D1 m1705;2023-04-01T00:00+02:00;2023-05-01T00:00+02:00;2023;4;8016;7427;8605;100;30;30;0;11;99,9;Totalt i retning TROMSØYA;7540;465;108;99;247;11;11;0
79743V1125914;TROMSØBRUA;FV862 S1D1 m1705;2023-04-01T00:00+02:00;2023-05-01T00:00+02:00;2023;4;15939;14755;17123;100;30;30;0;14;99,9;Totalt;14693;1232;426;246;508;53;52;1
